scorer,DLC_dlcrnetms5_ml_comparison_4Mar11shuffle1_200000,DLC_dlcrnetms5_ml_comparison_4Mar11shuffle1_200000,DLC_dlcrnetms5_ml_comparison_4Mar11shuffle1_200000,DLC_dlcrnetms5_ml_comparison_4Mar11shuffle1_200000,DLC_dlcrnetms5_ml_comparison_4Mar11shuffle1_200000,DLC_dlcrnetms5_ml_comparison_4Mar11shuffle1_200000,DLC_dlcrnetms5_ml_comparison_4Mar11shuffle1_200000,DLC_dlcrnetms5_ml_comparison_4Mar11shuffle1_200000,DLC_dlcrnetms5_ml_comparison_4Mar11shuffle1_200000,DLC_dlcrnetms5_ml_comparison_4Mar11shuffle1_200000,DLC_dlcrnetms5_ml_comparison_4Mar11shuffle1_200000,DLC_dlcrnetms5_ml_comparison_4Mar11shuffle1_200000,DLC_dlcrnetms5_ml_comparison_4Mar11shuffle1_200000,DLC_dlcrnetms5_ml_comparison_4Mar11shuffle1_200000,DLC_dlcrnetms5_ml_comparison_4Mar11shuffle1_200000,DLC_dlcrnetms5_ml_comparison_4Mar11shuffle1_200000,DLC_dlcrnetms5_ml_comparison_4Mar11shuffle1_200000,DLC_dlcrnetms5_ml_comparison_4Mar11shuffle1_200000,DLC_dlcrnetms5_ml_comparison_4Mar11shuffle1_200000,DLC_dlcrnetms5_ml_comparison_4Mar11shuffle1_200000,DLC_dlcrnetms5_ml_comparison_4Mar11shuffle1_200000,DLC_dlcrnetms5_ml_comparison_4Mar11shuffle1_200000,DLC_dlcrnetms5_ml_comparison_4Mar11shuffle1_200000,DLC_dlcrnetms5_ml_comparison_4Mar11shuffle1_200000,DLC_dlcrnetms5_ml_comparison_4Mar11shuffle1_200000,DLC_dlcrnetms5_ml_comparison_4Mar11shuffle1_200000,DLC_dlcrnetms5_ml_comparison_4Mar11shuffle1_200000,DLC_dlcrnetms5_ml_comparison_4Mar11shuffle1_200000,DLC_dlcrnetms5_ml_comparison_4Mar11shuffle1_200000,DLC_dlcrnetms5_ml_comparison_4Mar11shuffle1_200000,DLC_dlcrnetms5_ml_comparison_4Mar11shuffle1_200000,DLC_dlcrnetms5_ml_comparison_4Mar11shuffle1_200000,DLC_dlcrnetms5_ml_comparison_4Mar11shuffle1_200000,DLC_dlcrnetms5_ml_comparison_4Mar11shuffle1_200000,DLC_dlcrnetms5_ml_comparison_4Mar11shuffle1_200000,DLC_dlcrnetms5_ml_comparison_4Mar11shuffle1_200000,DLC_dlcrnetms5_ml_comparison_4Mar11shuffle1_200000,DLC_dlcrnetms5_ml_comparison_4Mar11shuffle1_200000,DLC_dlcrnetms5_ml_comparison_4Mar11shuffle1_200000,DLC_dlcrnetms5_ml_comparison_4Mar11shuffle1_200000,DLC_dlcrnetms5_ml_comparison_4Mar11shuffle1_200000,DLC_dlcrnetms5_ml_comparison_4Mar11shuffle1_200000,DLC_dlcrnetms5_ml_comparison_4Mar11shuffle1_200000,DLC_dlcrnetms5_ml_comparison_4Mar11shuffle1_200000,DLC_dlcrnetms5_ml_comparison_4Mar11shuffle1_200000,DLC_dlcrnetms5_ml_comparison_4Mar11shuffle1_200000,DLC_dlcrnetms5_ml_comparison_4Mar11shuffle1_200000,DLC_dlcrnetms5_ml_comparison_4Mar11shuffle1_200000,DLC_dlcrnetms5_ml_comparison_4Mar11shuffle1_200000,DLC_dlcrnetms5_ml_comparison_4Mar11shuffle1_200000,DLC_dlcrnetms5_ml_comparison_4Mar11shuffle1_200000,DLC_dlcrnetms5_ml_comparison_4Mar11shuffle1_200000,DLC_dlcrnetms5_ml_comparison_4Mar11shuffle1_200000,DLC_dlcrnetms5_ml_comparison_4Mar11shuffle1_200000,DLC_dlcrnetms5_ml_comparison_4Mar11shuffle1_200000,DLC_dlcrnetms5_ml_comparison_4Mar11shuffle1_200000,DLC_dlcrnetms5_ml_comparison_4Mar11shuffle1_200000,DLC_dlcrnetms5_ml_comparison_4Mar11shuffle1_200000,DLC_dlcrnetms5_ml_comparison_4Mar11shuffle1_200000,DLC_dlcrnetms5_ml_comparison_4Mar11shuffle1_200000,DLC_dlcrnetms5_ml_comparison_4Mar11shuffle1_200000,DLC_dlcrnetms5_ml_comparison_4Mar11shuffle1_200000,DLC_dlcrnetms5_ml_comparison_4Mar11shuffle1_200000,DLC_dlcrnetms5_ml_comparison_4Mar11shuffle1_200000,DLC_dlcrnetms5_ml_comparison_4Mar11shuffle1_200000,DLC_dlcrnetms5_ml_comparison_4Mar11shuffle1_200000,DLC_dlcrnetms5_ml_comparison_4Mar11shuffle1_200000,DLC_dlcrnetms5_ml_comparison_4Mar11shuffle1_200000,DLC_dlcrnetms5_ml_comparison_4Mar11shuffle1_200000,DLC_dlcrnetms5_ml_comparison_4Mar11shuffle1_200000,DLC_dlcrnetms5_ml_comparison_4Mar11shuffle1_200000,DLC_dlcrnetms5_ml_comparison_4Mar11shuffle1_200000,DLC_dlcrnetms5_ml_comparison_4Mar11shuffle1_200000,DLC_dlcrnetms5_ml_comparison_4Mar11shuffle1_200000,DLC_dlcrnetms5_ml_comparison_4Mar11shuffle1_200000,DLC_dlcrnetms5_ml_comparison_4Mar11shuffle1_200000,DLC_dlcrnetms5_ml_comparison_4Mar11shuffle1_200000,DLC_dlcrnetms5_ml_comparison_4Mar11shuffle1_200000,DLC_dlcrnetms5_ml_comparison_4Mar11shuffle1_200000,DLC_dlcrnetms5_ml_comparison_4Mar11shuffle1_200000,DLC_dlcrnetms5_ml_comparison_4Mar11shuffle1_200000,DLC_dlcrnetms5_ml_comparison_4Mar11shuffle1_200000,DLC_dlcrnetms5_ml_comparison_4Mar11shuffle1_200000,DLC_dlcrnetms5_ml_comparison_4Mar11shuffle1_200000,DLC_dlcrnetms5_ml_comparison_4Mar11shuffle1_200000,DLC_dlcrnetms5_ml_comparison_4Mar11shuffle1_200000,DLC_dlcrnetms5_ml_comparison_4Mar11shuffle1_200000,DLC_dlcrnetms5_ml_comparison_4Mar11shuffle1_200000,DLC_dlcrnetms5_ml_comparison_4Mar11shuffle1_200000,DLC_dlcrnetms5_ml_comparison_4Mar11shuffle1_200000,DLC_dlcrnetms5_ml_comparison_4Mar11shuffle1_200000,DLC_dlcrnetms5_ml_comparison_4Mar11shuffle1_200000,DLC_dlcrnetms5_ml_comparison_4Mar11shuffle1_200000,DLC_dlcrnetms5_ml_comparison_4Mar11shuffle1_200000,DLC_dlcrnetms5_ml_comparison_4Mar11shuffle1_200000,DLC_dlcrnetms5_ml_comparison_4Mar11shuffle1_200000,DLC_dlcrnetms5_ml_comparison_4Mar11shuffle1_200000,DLC_dlcrnetms5_ml_comparison_4Mar11shuffle1_200000,DLC_dlcrnetms5_ml_comparison_4Mar11shuffle1_200000,DLC_dlcrnetms5_ml_comparison_4Mar11shuffle1_200000,DLC_dlcrnetms5_ml_comparison_4Mar11shuffle1_200000,DLC_dlcrnetms5_ml_comparison_4Mar11shuffle1_200000,DLC_dlcrnetms5_ml_comparison_4Mar11shuffle1_200000,DLC_dlcrnetms5_ml_comparison_4Mar11shuffle1_200000,DLC_dlcrnetms5_ml_comparison_4Mar11shuffle1_200000,DLC_dlcrnetms5_ml_comparison_4Mar11shuffle1_200000,DLC_dlcrnetms5_ml_comparison_4Mar11shuffle1_200000,DLC_dlcrnetms5_ml_comparison_4Mar11shuffle1_200000
individuals,ind1,ind1,ind1,ind1,ind1,ind1,ind1,ind1,ind1,ind1,ind1,ind1,ind1,ind1,ind1,ind1,ind1,ind1,ind1,ind1,ind1,ind1,ind1,ind1,ind1,ind1,ind1,ind1,ind1,ind1,ind1,ind1,ind1,ind1,ind1,ind1,ind1,ind1,ind1,ind1,ind1,ind1,ind1,ind1,ind1,ind1,ind1,ind1,ind1,ind1,ind1,ind1,ind1,ind1,ind2,ind2,ind2,ind2,ind2,ind2,ind2,ind2,ind2,ind2,ind2,ind2,ind2,ind2,ind2,ind2,ind2,ind2,ind2,ind2,ind2,ind2,ind2,ind2,ind2,ind2,ind2,ind2,ind2,ind2,ind2,ind2,ind2,ind2,ind2,ind2,ind2,ind2,ind2,ind2,ind2,ind2,ind2,ind2,ind2,ind2,ind2,ind2,ind2,ind2,ind2,ind2,ind2,ind2
bodyparts,left_ear,left_ear,left_ear,right_ear,right_ear,right_ear,left_eye,left_eye,left_eye,right_eye,right_eye,right_eye,nose,nose,nose,left_shoulder,left_shoulder,left_shoulder,right_shoulder,right_shoulder,right_shoulder,lower_neck,lower_neck,lower_neck,left_elbow,left_elbow,left_elbow,right_elbow,right_elbow,right_elbow,left_wrist,left_wrist,left_wrist,right_wrist,right_wrist,right_wrist,left_hip,left_hip,left_hip,right_hip,right_hip,right_hip,left_knee,left_knee,left_knee,right_knee,right_knee,right_knee,left_ankle,left_ankle,left_ankle,right_ankle,right_ankle,right_ankle,left_ear,left_ear,left_ear,right_ear,right_ear,right_ear,left_eye,left_eye,left_eye,right_eye,right_eye,right_eye,nose,nose,nose,left_shoulder,left_shoulder,left_shoulder,right_shoulder,right_shoulder,right_shoulder,lower_neck,lower_neck,lower_neck,left_elbow,left_elbow,left_elbow,right_elbow,right_elbow,right_elbow,left_wrist,left_wrist,left_wrist,right_wrist,right_wrist,right_wrist,left_hip,left_hip,left_hip,right_hip,right_hip,right_hip,left_knee,left_knee,left_knee,right_knee,right_knee,right_knee,left_ankle,left_ankle,left_ankle,right_ankle,right_ankle,right_ankle
coords,x,y,likelihood,x,y,likelihood,x,y,likelihood,x,y,likelihood,x,y,likelihood,x,y,likelihood,x,y,likelihood,x,y,likelihood,x,y,likelihood,x,y,likelihood,x,y,likelihood,x,y,likelihood,x,y,likelihood,x,y,likelihood,x,y,likelihood,x,y,likelihood,x,y,likelihood,x,y,likelihood,x,y,likelihood,x,y,likelihood,x,y,likelihood,x,y,likelihood,x,y,likelihood,x,y,likelihood,x,y,likelihood,x,y,likelihood,x,y,likelihood,x,y,likelihood,x,y,likelihood,x,y,likelihood,x,y,likelihood,x,y,likelihood,x,y,likelihood,x,y,likelihood,x,y,likelihood,x,y,likelihood
0,,,,,,,,,,,,,,,,,,,,,,,,,,,,,,,,,,,,,,,,,,,,,,,,,,,,,,,,,,,,,,,,,,,,,,,,,,,,,,,,,,,,,,,,,,,,,,,,,,,,,,,,,,,,
1,,,,,,,,,,,,,,,,,,,,,,,,,,,,,,,,,,,,,,,,,,,,,,,,,,,,,,,,,,,,,,,,,,,,,,,,,,,,,,,,,,,,,,,,,,,,,,,,,,,,,,,,,,,,
2,,,,,,,,,,,,,,,,,,,,,,,,,,,,,,,,,,,,,,,,,,,,,,,,,,,,,,,,,,,,,,,,,,,,,,,,,,,,,,,,,,,,,,,,,,,,,,,,,,,,,,,,,,,,
3,,,,,,,,,,,,,,,,,,,,,,,,,,,,,,,,,,,,,,,,,,,,,,,,,,,,,,,,,,,,,,,,,,,,,,,,,,,,,,,,,,,,,,,,,,,,,,,,,,,,,,,,,,,,
4,,,,,,,,,,,,,,,,,,,,,,,,,,,,,,,,,,,,,,,,,,,,,,,,,,,,,,,,,,,,,,,,,,,,,,,,,,,,,,,,,,,,,,,,,,,,,,,,,,,,,,,,,,,,
5,,,,,,,,,,,,,,,,,,,,,,,,,,,,,,,,,,,,,,,,,,,,,,,,,,,,,,,,,,,,,,,,,,,,,,,,,,,,,,,,,,,,,,,,,,,,,,,,,,,,,,,,,,,,
6,,,,,,,,,,,,,,,,,,,,,,,,,,,,,,,,,,,,,,,,,,,,,,,,,,,,,,,,,,,,,,,,,,,,,,,,,,,,,,,,,,,,,,,,,,,,,,,,,,,,,,,,,,,,
7,,,,,,,,,,,,,,,,,,,,,,,,,,,,,,,,,,,,,,,,,,,,,,,,,,,,,,,,,,,,,,,,,,,,,,,,,,,,,,,,,,,,,,,,,,,,,,,,,,,,,,,,,,,,
8,,,,,,,,,,,,,,,,,,,,,,,,,,,,,,,,,,,,,,,,,,,,,,,,,,,,,,,,,,,,,,,,,,,,,,,,,,,,,,,,,,,,,,,,,,,,,,,,,,,,,,,,,,,,
9,,,,,,,,,,,,,,,,,,,,,,,,,,,,,,,,,,,,,,,,,,,,,,,,,,,,,,,,,,,,,,,,,,,,,,,,,,,,,,,,,,,,,,,,,,,,,,,,,,,,,,,,,,,,
10,,,,,,,,,,,,,,,,,,,,,,,,,,,,,,,,,,,,,,,,,,,,,,,,,,,,,,,,,,,,,,,,,,,,,,,,,,,,,,,,,,,,,,,,,,,,,,,,,,,,,,,,,,,,
11,,,,,,,,,,,,,,,,,,,,,,,,,,,,,,,,,,,,,,,,,,,,,,,,,,,,,,,,,,,,,,,,,,,,,,,,,,,,,,,,,,,,,,,,,,,,,,,,,,,,,,,,,,,,
12,,,,,,,,,,,,,,,,,,,,,,,,,,,,,,,,,,,,,,,,,,,,,,,,,,,,,,,,,,,,,,,,,,,,,,,,,,,,,,,,,,,,,,,,,,,,,,,,,,,,,,,,,,,,
13,,,,,,,,,,,,,,,,,,,,,,,,,,,,,,,,,,,,,,,,,,,,,,,,,,,,,,,,,,,,,,,,,,,,,,,,,,,,,,,,,,,,,,,,,,,,,,,,,,,,,,,,,,,,
14,,,,,,,,,,,,,,,,,,,,,,,,,,,,,,,,,,,,,,,,,,,,,,,,,,,,,,,,,,,,,,,,,,,,,,,,,,,,,,,,,,,,,,,,,,,,,,,,,,,,,,,,,,,,
15,,,,,,,,,,,,,,,,,,,,,,,,,,,,,,,,,,,,,,,,,,,,,,,,,,,,,,,,,,,,,,,,,,,,,,,,,,,,,,,,,,,,,,,,,,,,,,,,,,,,,,,,,,,,
16,,,,,,,,,,,,,,,,,,,,,,,,,,,,,,,,,,,,,,,,,,,,,,,,,,,,,,,,,,,,,,,,,,,,,,,,,,,,,,,,,,,,,,,,,,,,,,,,,,,,,,,,,,,,
17,,,,,,,,,,,,,,,,,,,,,,,,,,,,,,,,,,,,,,,,,,,,,,,,,,,,,,,,,,,,,,,,,,,,,,,,,,,,,,,,,,,,,,,,,,,,,,,,,,,,,,,,,,,,
18,,,,,,,,,,,,,,,,,,,,,,,,,,,,,,,,,,,,,,,,,,,,,,,,,,,,,,,,,,,,,,,,,,,,,,,,,,,,,,,,,,,,,,,,,,,,,,,,,,,,,,,,,,,,
19,,,,,,,,,,,,,,,,,,,,,,,,,,,,,,,,,,,,,,,,,,,,,,,,,,,,,,,,,,,,,,,,,,,,,,,,,,,,,,,,,,,,,,,,,,,,,,,,,,,,,,,,,,,,
20,,,,,,,,,,,,,,,,,,,,,,,,,,,,,,,,,,,,,,,,,,,,,,,,,,,,,,,,,,,,,,,,,,,,,,,,,,,,,,,,,,,,,,,,,,,,,,,,,,,,,,,,,,,,
21,,,,,,,,,,,,,,,,,,,,,,,,,,,,,,,,,,,,,,,,,,,,,,,,,,,,,,,,,,,,,,,,,,,,,,,,,,,,,,,,,,,,,,,,,,,,,,,,,,,,,,,,,,,,
22,,,,,,,,,,,,,,,,,,,,,,,,,,,,,,,,,,,,,,,,,,,,,,,,,,,,,,,,,,,,,,,,,,,,,,,,,,,,,,,,,,,,,,,,,,,,,,,,,,,,,,,,,,,,
23,,,,,,,,,,,,,,,,,,,,,,,,,,,,,,,,,,,,,,,,,,,,,,,,,,,,,,,,,,,,,,,,,,,,,,,,,,,,,,,,,,,,,,,,,,,,,,,,,,,,,,,,,,,,
24,,,,,,,,,,,,,,,,,,,,,,,,,,,,,,,,,,,,,,,,,,,,,,,,,,,,,,,,,,,,,,,,,,,,,,,,,,,,,,,,,,,,,,,,,,,,,,,,,,,,,,,,,,,,
25,,,,,,,,,,,,,,,,,,,,,,,,,,,,,,,,,,,,,,,,,,,,,,,,,,,,,,,,,,,,,,,,,,,,,,,,,,,,,,,,,,,,,,,,,,,,,,,,,,,,,,,,,,,,
26,,,,,,,,,,,,,,,,,,,,,,,,,,,,,,,,,,,,,,,,,,,,,,,,,,,,,,,,,,,,,,,,,,,,,,,,,,,,,,,,,,,,,,,,,,,,,,,,,,,,,,,,,,,,
27,,,,,,,,,,,,,,,,,,,,,,,,,,,,,,,,,,,,,,,,,,,,,,,,,,,,,,,,,,,,,,,,,,,,,,,,,,,,,,,,,,,,,,,,,,,,,,,,,,,,,,,,,,,,
28,,,,,,,,,,,,,,,,,,,,,,,,,,,,,,,,,,,,,,,,,,,,,,,,,,,,,,,,,,,,,,,,,,,,,,,,,,,,,,,,,,,,,,,,,,,,,,,,,,,,,,,,,,,,
29,,,,,,,,,,,,,,,,,,,,,,,,,,,,,,,,,,,,,,,,,,,,,,,,,,,,,,,,,,,,,,,,,,,,,,,,,,,,,,,,,,,,,,,,,,,,,,,,,,,,,,,,,,,,
30,,,,,,,,,,,,,,,,,,,,,,,,,,,,,,,,,,,,,,,,,,,,,,,,,,,,,,,,,,,,,,,,,,,,,,,,,,,,,,,,,,,,,,,,,,,,,,,,,,,,,,,,,,,,
31,,,,,,,,,,,,,,,,,,,,,,,,,,,,,,,,,,,,,,,,,,,,,,,,,,,,,,,,,,,,,,,,,,,,,,,,,,,,,,,,,,,,,,,,,,,,,,,,,,,,,,,,,,,,
32,,,,,,,,,,,,,,,,,,,,,,,,,,,,,,,,,,,,,,,,,,,,,,,,,,,,,,,,,,,,,,,,,,,,,,,,,,,,,,,,,,,,,,,,,,,,,,,,,,,,,,,,,,,,
33,,,,,,,,,,,,,,,,,,,,,,,,,,,,,,,,,,,,,,,,,,,,,,,,,,,,,,,,,,,,,,,,,,,,,,,,,,,,,,,,,,,,,,,,,,,,,,,,,,,,,,,,,,,,
34,,,,,,,,,,,,,,,,,,,,,,,,,,,,,,,,,,,,,,,,,,,,,,,,,,,,,,,,,,,,,,,,,,,,,,,,,,,,,,,,,,,,,,,,,,,,,,,,,,,,,,,,,,,,
35,,,,,,,,,,,,,,,,,,,,,,,,,,,,,,,,,,,,,,,,,,,,,,,,,,,,,,,,,,,,,,,,,,,,,,,,,,,,,,,,,,,,,,,,,,,,,,,,,,,,,,,,,,,,
36,,,,,,,,,,,,,,,,,,,,,,,,,,,,,,,,,,,,,,,,,,,,,,,,,,,,,,,,,,,,,,,,,,,,,,,,,,,,,,,,,,,,,,,,,,,,,,,,,,,,,,,,,,,,
37,,,,,,,,,,,,,,,,,,,,,,,,,,,,,,,,,,,,,,,,,,,,,,,,,,,,,,,,,,,,,,,,,,,,,,,,,,,,,,,,,,,,,,,,,,,,,,,,,,,,,,,,,,,,
38,,,,,,,,,,,,,,,,,,,,,,,,,,,,,,,,,,,,,,,,,,,,,,,,,,,,,,,,,,,,,,,,,,,,,,,,,,,,,,,,,,,,,,,,,,,,,,,,,,,,,,,,,,,,
39,,,,,,,,,,,,,,,,,,,,,,,,,,,,,,,,,,,,,,,,,,,,,,,,,,,,,,,,,,,,,,,,,,,,,,,,,,,,,,,,,,,,,,,,,,,,,,,,,,,,,,,,,,,,
40,,,,,,,,,,,,,,,,,,,,,,,,,,,,,,,,,,,,,,,,,,,,,,,,,,,,,,,,,,,,,,,,,,,,,,,,,,,,,,,,,,,,,,,,,,,,,,,,,,,,,,,,,,,,
41,,,,,,,,,,,,,,,,,,,,,,,,,,,,,,,,,,,,,,,,,,,,,,,,,,,,,,,,,,,,,,,,,,,,,,,,,,,,,,,,,,,,,,,,,,,,,,,,,,,,,,,,,,,,
42,,,,,,,,,,,,,,,,,,,,,,,,,,,,,,,,,,,,,,,,,,,,,,,,,,,,,,,,,,,,,,,,,,,,,,,,,,,,,,,,,,,,,,,,,,,,,,,,,,,,,,,,,,,,
43,,,,,,,,,,,,,,,,,,,,,,,,,,,,,,,,,,,,,,,,,,,,,,,,,,,,,,,,,,,,,,,,,,,,,,,,,,,,,,,,,,,,,,,,,,,,,,,,,,,,,,,,,,,,
44,,,,,,,,,,,,,,,,,,,,,,,,,,,,,,,,,,,,,,,,,,,,,,,,,,,,,,,,,,,,,,,,,,,,,,,,,,,,,,,,,,,,,,,,,,,,,,,,,,,,,,,,,,,,
45,,,,,,,,,,,,,,,,,,,,,,,,,,,,,,,,,,,,,,,,,,,,,,,,,,,,,,,,,,,,,,,,,,,,,,,,,,,,,,,,,,,,,,,,,,,,,,,,,,,,,,,,,,,,
46,,,,,,,,,,,,,,,,,,,,,,,,,,,,,,,,,,,,,,,,,,,,,,,,,,,,,,,,,,,,,,,,,,,,,,,,,,,,,,,,,,,,,,,,,,,,,,,,,,,,,,,,,,,,
47,,,,,,,,,,,,,,,,,,,,,,,,,,,,,,,,,,,,,,,,,,,,,,,,,,,,,,,,,,,,,,,,,,,,,,,,,,,,,,,,,,,,,,,,,,,,,,,,,,,,,,,,,,,,
48,,,,,,,,,,,,,,,,,,,,,,,,,,,,,,,,,,,,,,,,,,,,,,,,,,,,,,,,,,,,,,,,,,,,,,,,,,,,,,,,,,,,,,,,,,,,,,,,,,,,,,,,,,,,
49,,,,,,,,,,,,,,,,,,,,,,,,,,,,,,,,,,,,,,,,,,,,,,,,,,,,,,,,,,,,,,,,,,,,,,,,,,,,,,,,,,,,,,,,,,,,,,,,,,,,,,,,,,,,
50,,,,,,,,,,,,,,,,,,,,,,,,,,,,,,,,,,,,,,,,,,,,,,,,,,,,,,,,,,,,,,,,,,,,,,,,,,,,,,,,,,,,,,,,,,,,,,,,,,,,,,,,,,,,
51,,,,,,,,,,,,,,,,,,,,,,,,,,,,,,,,,,,,,,,,,,,,,,,,,,,,,,,,,,,,,,,,,,,,,,,,,,,,,,,,,,,,,,,,,,,,,,,,,,,,,,,,,,,,
52,,,,,,,,,,,,,,,,,,,,,,,,,,,,,,,,,,,,,,,,,,,,,,,,,,,,,,,,,,,,,,,,,,,,,,,,,,,,,,,,,,,,,,,,,,,,,,,,,,,,,,,,,,,,
53,,,,,,,,,,,,,,,,,,,,,,,,,,,,,,,,,,,,,,,,,,,,,,,,,,,,,,,,,,,,,,,,,,,,,,,,,,,,,,,,,,,,,,,,,,,,,,,,,,,,,,,,,,,,
54,,,,,,,,,,,,,,,,,,,,,,,,,,,,,,,,,,,,,,,,,,,,,,,,,,,,,,,,,,,,,,,,,,,,,,,,,,,,,,,,,,,,,,,,,,,,,,,,,,,,,,,,,,,,
55,,,,,,,,,,,,,,,,,,,,,,,,,,,,,,,,,,,,,,,,,,,,,,,,,,,,,,,,,,,,,,,,,,,,,,,,,,,,,,,,,,,,,,,,,,,,,,,,,,,,,,,,,,,,
56,,,,,,,,,,,,,,,,,,,,,,,,,,,,,,,,,,,,,,,,,,,,,,,,,,,,,,,,,,,,,,,,,,,,,,,,,,,,,,,,,,,,,,,,,,,,,,,,,,,,,,,,,,,,
57,,,,,,,,,,,,,,,,,,,,,,,,,,,,,,,,,,,,,,,,,,,,,,,,,,,,,,,,,,,,,,,,,,,,,,,,,,,,,,,,,,,,,,,,,,,,,,,,,,,,,,,,,,,,
58,,,,,,,,,,,,,,,,,,,,,,,,,,,,,,,,,,,,,,,,,,,,,,,,,,,,,,,,,,,,,,,,,,,,,,,,,,,,,,,,,,,,,,,,,,,,,,,,,,,,,,,,,,,,
59,,,,,,,,,,,,,,,,,,,,,,,,,,,,,,,,,,,,,,,,,,,,,,,,,,,,,,,,,,,,,,,,,,,,,,,,,,,,,,,,,,,,,,,,,,,,,,,,,,,,,,,,,,,,
60,,,,,,,,,,,,,,,,,,,,,,,,,,,,,,,,,,,,,,,,,,,,,,,,,,,,,,,,,,,,,,,,,,,,,,,,,,,,,,,,,,,,,,,,,,,,,,,,,,,,,,,,,,,,
61,,,,,,,,,,,,,,,,,,,,,,,,,,,,,,,,,,,,,,,,,,,,,,,,,,,,,,,,,,,,,,,,,,,,,,,,,,,,,,,,,,,,,,,,,,,,,,,,,,,,,,,,,,,,
62,,,,,,,,,,,,,,,,,,,,,,,,,,,,,,,,,,,,,,,,,,,,,,,,,,,,,,,,,,,,,,,,,,,,,,,,,,,,,,,,,,,,,,,,,,,,,,,,,,,,,,,,,,,,
63,,,,,,,,,,,,,,,,,,,,,,,,,,,,,,,,,,,,,,,,,,,,,,,,,,,,,,,,,,,,,,,,,,,,,,,,,,,,,,,,,,,,,,,,,,,,,,,,,,,,,,,,,,,,
64,,,,,,,,,,,,,,,,,,,,,,,,,,,,,,,,,,,,,,,,,,,,,,,,,,,,,,,,,,,,,,,,,,,,,,,,,,,,,,,,,,,,,,,,,,,,,,,,,,,,,,,,,,,,
65,,,,,,,,,,,,,,,,,,,,,,,,,,,,,,,,,,,,,,,,,,,,,,,,,,,,,,,,,,,,,,,,,,,,,,,,,,,,,,,,,,,,,,,,,,,,,,,,,,,,,,,,,,,,
66,,,,,,,,,,,,,,,,,,,,,,,,,,,,,,,,,,,,,,,,,,,,,,,,,,,,,,,,,,,,,,,,,,,,,,,,,,,,,,,,,,,,,,,,,,,,,,,,,,,,,,,,,,,,
67,,,,,,,,,,,,,,,,,,,,,,,,,,,,,,,,,,,,,,,,,,,,,,,,,,,,,,,,,,,,,,,,,,,,,,,,,,,,,,,,,,,,,,,,,,,,,,,,,,,,,,,,,,,,
68,,,,,,,,,,,,,,,,,,,,,,,,,,,,,,,,,,,,,,,,,,,,,,,,,,,,,,,,,,,,,,,,,,,,,,,,,,,,,,,,,,,,,,,,,,,,,,,,,,,,,,,,,,,,
69,,,,,,,,,,,,,,,,,,,,,,,,,,,,,,,,,,,,,,,,,,,,,,,,,,,,,,,,,,,,,,,,,,,,,,,,,,,,,,,,,,,,,,,,,,,,,,,,,,,,,,,,,,,,
70,,,,,,,,,,,,,,,,,,,,,,,,,,,,,,,,,,,,,,,,,,,,,,,,,,,,,,,,,,,,,,,,,,,,,,,,,,,,,,,,,,,,,,,,,,,,,,,,,,,,,,,,,,,,
71,,,,,,,,,,,,,,,,,,,,,,,,,,,,,,,,,,,,,,,,,,,,,,,,,,,,,,,,,,,,,,,,,,,,,,,,,,,,,,,,,,,,,,,,,,,,,,,,,,,,,,,,,,,,
72,,,,,,,,,,,,,,,,,,,,,,,,,,,,,,,,,,,,,,,,,,,,,,,,,,,,,,,,,,,,,,,,,,,,,,,,,,,,,,,,,,,,,,,,,,,,,,,,,,,,,,,,,,,,
73,,,,,,,,,,,,,,,,,,,,,,,,,,,,,,,,,,,,,,,,,,,,,,,,,,,,,,,,,,,,,,,,,,,,,,,,,,,,,,,,,,,,,,,,,,,,,,,,,,,,,,,,,,,,
74,,,,,,,,,,,,,,,,,,,,,,,,,,,,,,,,,,,,,,,,,,,,,,,,,,,,,,,,,,,,,,,,,,,,,,,,,,,,,,,,,,,,,,,,,,,,,,,,,,,,,,,,,,,,
75,,,,,,,,,,,,,,,,,,,,,,,,,,,,,,,,,,,,,,,,,,,,,,,,,,,,,,,,,,,,,,,,,,,,,,,,,,,,,,,,,,,,,,,,,,,,,,,,,,,,,,,,,,,,
76,,,,,,,,,,,,,,,,,,,,,,,,,,,,,,,,,,,,,,,,,,,,,,,,,,,,,,,,,,,,,,,,,,,,,,,,,,,,,,,,,,,,,,,,,,,,,,,,,,,,,,,,,,,,
77,,,,,,,,,,,,,,,,,,,,,,,,,,,,,,,,,,,,,,,,,,,,,,,,,,,,,,,,,,,,,,,,,,,,,,,,,,,,,,,,,,,,,,,,,,,,,,,,,,,,,,,,,,,,
78,,,,,,,,,,,,,,,,,,,,,,,,,,,,,,,,,,,,,,,,,,,,,,,,,,,,,,,,,,,,,,,,,,,,,,,,,,,,,,,,,,,,,,,,,,,,,,,,,,,,,,,,,,,,
79,,,,,,,,,,,,,,,,,,,,,,,,,,,,,,,,,,,,,,,,,,,,,,,,,,,,,,,,,,,,,,,,,,,,,,,,,,,,,,,,,,,,,,,,,,,,,,,,,,,,,,,,,,,,
80,,,,,,,,,,,,,,,,,,,,,,,,,,,,,,,,,,,,,,,,,,,,,,,,,,,,,,,,,,,,,,,,,,,,,,,,,,,,,,,,,,,,,,,,,,,,,,,,,,,,,,,,,,,,
81,,,,,,,,,,,,,,,,,,,,,,,,,,,,,,,,,,,,,,,,,,,,,,,,,,,,,,,,,,,,,,,,,,,,,,,,,,,,,,,,,,,,,,,,,,,,,,,,,,,,,,,,,,,,
82,,,,,,,,,,,,,,,,,,,,,,,,,,,,,,,,,,,,,,,,,,,,,,,,,,,,,,,,,,,,,,,,,,,,,,,,,,,,,,,,,,,,,,,,,,,,,,,,,,,,,,,,,,,,
83,,,,,,,,,,,,,,,,,,,,,,,,,,,,,,,,,,,,,,,,,,,,,,,,,,,,,,,,,,,,,,,,,,,,,,,,,,,,,,,,,,,,,,,,,,,,,,,,,,,,,,,,,,,,
84,,,,,,,,,,,,,,,,,,,,,,,,,,,,,,,,,,,,,,,,,,,,,,,,,,,,,,,,,,,,,,,,,,,,,,,,,,,,,,,,,,,,,,,,,,,,,,,,,,,,,,,,,,,,
85,,,,,,,,,,,,,,,,,,,,,,,,,,,,,,,,,,,,,,,,,,,,,,,,,,,,,,,,,,,,,,,,,,,,,,,,,,,,,,,,,,,,,,,,,,,,,,,,,,,,,,,,,,,,
86,,,,,,,,,,,,,,,,,,,,,,,,,,,,,,,,,,,,,,,,,,,,,,,,,,,,,,,,,,,,,,,,,,,,,,,,,,,,,,,,,,,,,,,,,,,,,,,,,,,,,,,,,,,,
87,,,,,,,,,,,,,,,,,,,,,,,,,,,,,,,,,,,,,,,,,,,,,,,,,,,,,,,,,,,,,,,,,,,,,,,,,,,,,,,,,,,,,,,,,,,,,,,,,,,,,,,,,,,,
88,,,,,,,,,,,,,,,,,,,,,,,,,,,,,,,,,,,,,,,,,,,,,,,,,,,,,,,,,,,,,,,,,,,,,,,,,,,,,,,,,,,,,,,,,,,,,,,,,,,,,,,,,,,,
89,,,,,,,,,,,,,,,,,,,,,,,,,,,,,,,,,,,,,,,,,,,,,,,,,,,,,,,,,,,,,,,,,,,,,,,,,,,,,,,,,,,,,,,,,,,,,,,,,,,,,,,,,,,,
90,,,,,,,,,,,,,,,,,,,,,,,,,,,,,,,,,,,,,,,,,,,,,,,,,,,,,,,,,,,,,,,,,,,,,,,,,,,,,,,,,,,,,,,,,,,,,,,,,,,,,,,,,,,,
91,,,,,,,,,,,,,,,,,,,,,,,,,,,,,,,,,,,,,,,,,,,,,,,,,,,,,,,,,,,,,,,,,,,,,,,,,,,,,,,,,,,,,,,,,,,,,,,,,,,,,,,,,,,,
92,,,,,,,,,,,,,,,,,,,,,,,,,,,,,,,,,,,,,,,,,,,,,,,,,,,,,,,,,,,,,,,,,,,,,,,,,,,,,,,,,,,,,,,,,,,,,,,,,,,,,,,,,,,,
93,,,,,,,,,,,,,,,,,,,,,,,,,,,,,,,,,,,,,,,,,,,,,,,,,,,,,,,,,,,,,,,,,,,,,,,,,,,,,,,,,,,,,,,,,,,,,,,,,,,,,,,,,,,,
94,,,,,,,,,,,,,,,,,,,,,,,,,,,,,,,,,,,,,,,,,,,,,,,,,,,,,,,,,,,,,,,,,,,,,,,,,,,,,,,,,,,,,,,,,,,,,,,,,,,,,,,,,,,,
95,,,,,,,,,,,,,,,,,,,,,,,,,,,,,,,,,,,,,,,,,,,,,,,,,,,,,,,,,,,,,,,,,,,,,,,,,,,,,,,,,,,,,,,,,,,,,,,,,,,,,,,,,,,,
96,,,,,,,,,,,,,,,,,,,,,,,,,,,,,,,,,,,,,,,,,,,,,,,,,,,,,,,,,,,,,,,,,,,,,,,,,,,,,,,,,,,,,,,,,,,,,,,,,,,,,,,,,,,,
97,,,,,,,,,,,,,,,,,,,,,,,,,,,,,,,,,,,,,,,,,,,,,,,,,,,,,,,,,,,,,,,,,,,,,,,,,,,,,,,,,,,,,,,,,,,,,,,,,,,,,,,,,,,,
98,,,,,,,,,,,,,,,,,,,,,,,,,,,,,,,,,,,,,,,,,,,,,,,,,,,,,,,,,,,,,,,,,,,,,,,,,,,,,,,,,,,,,,,,,,,,,,,,,,,,,,,,,,,,
99,,,,,,,,,,,,,,,,,,,,,,,,,,,,,,,,,,,,,,,,,,,,,,,,,,,,,,,,,,,,,,,,,,,,,,,,,,,,,,,,,,,,,,,,,,,,,,,,,,,,,,,,,,,,
100,,,,,,,,,,,,,,,,,,,,,,,,,,,,,,,,,,,,,,,,,,,,,,,,,,,,,,,,,,,,,,,,,,,,,,,,,,,,,,,,,,,,,,,,,,,,,,,,,,,,,,,,,,,,
101,,,,,,,,,,,,,,,,,,,,,,,,,,,,,,,,,,,,,,,,,,,,,,,,,,,,,,,,,,,,,,,,,,,,,,,,,,,,,,,,,,,,,,,,,,,,,,,,,,,,,,,,,,,,
102,,,,,,,,,,,,,,,,,,,,,,,,,,,,,,,,,,,,,,,,,,,,,,,,,,,,,,,,,,,,,,,,,,,,,,,,,,,,,,,,,,,,,,,,,,,,,,,,,,,,,,,,,,,,
103,,,,,,,,,,,,,,,,,,,,,,,,,,,,,,,,,,,,,,,,,,,,,,,,,,,,,,,,,,,,,,,,,,,,,,,,,,,,,,,,,,,,,,,,,,,,,,,,,,,,,,,,,,,,
104,,,,,,,,,,,,,,,,,,,,,,,,,,,,,,,,,,,,,,,,,,,,,,,,,,,,,,,,,,,,,,,,,,,,,,,,,,,,,,,,,,,,,,,,,,,,,,,,,,,,,,,,,,,,
105,,,,,,,,,,,,,,,,,,,,,,,,,,,,,,,,,,,,,,,,,,,,,,,,,,,,,,,,,,,,,,,,,,,,,,,,,,,,,,,,,,,,,,,,,,,,,,,,,,,,,,,,,,,,
106,,,,,,,,,,,,,,,,,,,,,,,,,,,,,,,,,,,,,,,,,,,,,,,,,,,,,,,,,,,,,,,,,,,,,,,,,,,,,,,,,,,,,,,,,,,,,,,,,,,,,,,,,,,,
107,,,,,,,,,,,,,,,,,,,,,,,,,,,,,,,,,,,,,,,,,,,,,,,,,,,,,,,,,,,,,,,,,,,,,,,,,,,,,,,,,,,,,,,,,,,,,,,,,,,,,,,,,,,,
108,,,,,,,,,,,,,,,,,,,,,,,,,,,,,,,,,,,,,,,,,,,,,,,,,,,,,,,,,,,,,,,,,,,,,,,,,,,,,,,,,,,,,,,,,,,,,,,,,,,,,,,,,,,,
109,,,,,,,,,,,,,,,,,,,,,,,,,,,,,,,,,,,,,,,,,,,,,,,,,,,,,,,,,,,,,,,,,,,,,,,,,,,,,,,,,,,,,,,,,,,,,,,,,,,,,,,,,,,,
110,,,,,,,,,,,,,,,,,,,,,,,,,,,,,,,,,,,,,,,,,,,,,,,,,,,,,,,,,,,,,,,,,,,,,,,,,,,,,,,,,,,,,,,,,,,,,,,,,,,,,,,,,,,,
111,,,,,,,,,,,,,,,,,,,,,,,,,,,,,,,,,,,,,,,,,,,,,,,,,,,,,,,,,,,,,,,,,,,,,,,,,,,,,,,,,,,,,,,,,,,,,,,,,,,,,,,,,,,,
112,,,,,,,,,,,,,,,,,,,,,,,,,,,,,,,,,,,,,,,,,,,,,,,,,,,,,,,,,,,,,,,,,,,,,,,,,,,,,,,,,,,,,,,,,,,,,,,,,,,,,,,,,,,,
113,,,,,,,,,,,,,,,,,,,,,,,,,,,,,,,,,,,,,,,,,,,,,,,,,,,,,,,,,,,,,,,,,,,,,,,,,,,,,,,,,,,,,,,,,,,,,,,,,,,,,,,,,,,,
114,,,,,,,,,,,,,,,,,,,,,,,,,,,,,,,,,,,,,,,,,,,,,,,,,,,,,,,,,,,,,,,,,,,,,,,,,,,,,,,,,,,,,,,,,,,,,,,,,,,,,,,,,,,,
115,,,,,,,,,,,,,,,,,,,,,,,,,,,,,,,,,,,,,,,,,,,,,,,,,,,,,,,,,,,,,,,,,,,,,,,,,,,,,,,,,,,,,,,,,,,,,,,,,,,,,,,,,,,,
116,,,,,,,,,,,,,,,,,,,,,,,,,,,,,,,,,,,,,,,,,,,,,,,,,,,,,,,,,,,,,,,,,,,,,,,,,,,,,,,,,,,,,,,,,,,,,,,,,,,,,,,,,,,,
117,,,,,,,,,,,,,,,,,,,,,,,,,,,,,,,,,,,,,,,,,,,,,,,,,,,,,,,,,,,,,,,,,,,,,,,,,,,,,,,,,,,,,,,,,,,,,,,,,,,,,,,,,,,,
118,,,,,,,,,,,,,,,,,,,,,,,,,,,,,,,,,,,,,,,,,,,,,,,,,,,,,,,,,,,,,,,,,,,,,,,,,,,,,,,,,,,,,,,,,,,,,,,,,,,,,,,,,,,,
119,,,,,,,,,,,,,,,,,,,,,,,,,,,,,,,,,,,,,,,,,,,,,,,,,,,,,,,,,,,,,,,,,,,,,,,,,,,,,,,,,,,,,,,,,,,,,,,,,,,,,,,,,,,,
120,,,,,,,,,,,,,,,,,,,,,,,,,,,,,,,,,,,,,,,,,,,,,,,,,,,,,,,,,,,,,,,,,,,,,,,,,,,,,,,,,,,,,,,,,,,,,,,,,,,,,,,,,,,,
121,,,,,,,,,,,,,,,,,,,,,,,,,,,,,,,,,,,,,,,,,,,,,,,,,,,,,,,,,,,,,,,,,,,,,,,,,,,,,,,,,,,,,,,,,,,,,,,,,,,,,,,,,,,,
122,,,,,,,,,,,,,,,,,,,,,,,,,,,,,,,,,,,,,,,,,,,,,,,,,,,,,,,,,,,,,,,,,,,,,,,,,,,,,,,,,,,,,,,,,,,,,,,,,,,,,,,,,,,,
123,,,,,,,,,,,,,,,,,,,,,,,,,,,,,,,,,,,,,,,,,,,,,,,,,,,,,,,,,,,,,,,,,,,,,,,,,,,,,,,,,,,,,,,,,,,,,,,,,,,,,,,,,,,,
124,,,,,,,,,,,,,,,,,,,,,,,,,,,,,,,,,,,,,,,,,,,,,,,,,,,,,,,,,,,,,,,,,,,,,,,,,,,,,,,,,,,,,,,,,,,,,,,,,,,,,,,,,,,,
125,,,,,,,,,,,,,,,,,,,,,,,,,,,,,,,,,,,,,,,,,,,,,,,,,,,,,,,,,,,,,,,,,,,,,,,,,,,,,,,,,,,,,,,,,,,,,,,,,,,,,,,,,,,,
126,,,,,,,,,,,,,,,,,,,,,,,,,,,,,,,,,,,,,,,,,,,,,,,,,,,,,,,,,,,,,,,,,,,,,,,,,,,,,,,,,,,,,,,,,,,,,,,,,,,,,,,,,,,,
127,,,,,,,,,,,,,,,,,,,,,,,,,,,,,,,,,,,,,,,,,,,,,,,,,,,,,,,,,,,,,,,,,,,,,,,,,,,,,,,,,,,,,,,,,,,,,,,,,,,,,,,,,,,,
128,,,,,,,,,,,,,,,,,,,,,,,,,,,,,,,,,,,,,,,,,,,,,,,,,,,,,,,,,,,,,,,,,,,,,,,,,,,,,,,,,,,,,,,,,,,,,,,,,,,,,,,,,,,,
129,,,,,,,,,,,,,,,,,,,,,,,,,,,,,,,,,,,,,,,,,,,,,,,,,,,,,,,,,,,,,,,,,,,,,,,,,,,,,,,,,,,,,,,,,,,,,,,,,,,,,,,,,,,,
130,,,,,,,,,,,,,,,,,,,,,,,,,,,,,,,,,,,,,,,,,,,,,,,,,,,,,,,,,,,,,,,,,,,,,,,,,,,,,,,,,,,,,,,,,,,,,,,,,,,,,,,,,,,,
131,,,,,,,,,,,,,,,,,,,,,,,,,,,,,,,,,,,,,,,,,,,,,,,,,,,,,,,,,,,,,,,,,,,,,,,,,,,,,,,,,,,,,,,,,,,,,,,,,,,,,,,,,,,,
132,,,,,,,,,,,,,,,,,,,,,,,,,,,,,,,,,,,,,,,,,,,,,,,,,,,,,,,,,,,,,,,,,,,,,,,,,,,,,,,,,,,,,,,,,,,,,,,,,,,,,,,,,,,,
133,,,,,,,,,,,,,,,,,,,,,,,,,,,,,,,,,,,,,,,,,,,,,,,,,,,,,,,,,,,,,,,,,,,,,,,,,,,,,,,,,,,,,,,,,,,,,,,,,,,,,,,,,,,,
134,,,,,,,,,,,,,,,,,,,,,,,,,,,,,,,,,,,,,,,,,,,,,,,,,,,,,,,,,,,,,,,,,,,,,,,,,,,,,,,,,,,,,,,,,,,,,,,,,,,,,,,,,,,,
135,,,,,,,,,,,,,,,,,,,,,,,,,,,,,,,,,,,,,,,,,,,,,,,,,,,,,,,,,,,,,,,,,,,,,,,,,,,,,,,,,,,,,,,,,,,,,,,,,,,,,,,,,,,,
136,,,,,,,,,,,,,,,,,,,,,,,,,,,,,,,,,,,,,,,,,,,,,,,,,,,,,,,,,,,,,,,,,,,,,,,,,,,,,,,,,,,,,,,,,,,,,,,,,,,,,,,,,,,,
137,,,,,,,,,,,,,,,,,,,,,,,,,,,,,,,,,,,,,,,,,,,,,,,,,,,,,,,,,,,,,,,,,,,,,,,,,,,,,,,,,,,,,,,,,,,,,,,,,,,,,,,,,,,,
138,,,,,,,,,,,,,,,,,,,,,,,,,,,,,,,,,,,,,,,,,,,,,,,,,,,,,,,,,,,,,,,,,,,,,,,,,,,,,,,,,,,,,,,,,,,,,,,,,,,,,,,,,,,,
139,,,,,,,,,,,,,,,,,,,,,,,,,,,,,,,,,,,,,,,,,,,,,,,,,,,,,,,,,,,,,,,,,,,,,,,,,,,,,,,,,,,,,,,,,,,,,,,,,,,,,,,,,,,,
140,,,,,,,,,,,,,,,,,,,,,,,,,,,,,,,,,,,,,,,,,,,,,,,,,,,,,,,,,,,,,,,,,,,,,,,,,,,,,,,,,,,,,,,,,,,,,,,,,,,,,,,,,,,,
141,,,,,,,,,,,,,,,,,,,,,,,,,,,,,,,,,,,,,,,,,,,,,,,,,,,,,,,,,,,,,,,,,,,,,,,,,,,,,,,,,,,,,,,,,,,,,,,,,,,,,,,,,,,,
142,,,,,,,,,,,,,,,,,,,,,,,,,,,,,,,,,,,,,,,,,,,,,,,,,,,,,,,,,,,,,,,,,,,,,,,,,,,,,,,,,,,,,,,,,,,,,,,,,,,,,,,,,,,,
143,,,,,,,,,,,,,,,,,,,,,,,,,,,,,,,,,,,,,,,,,,,,,,,,,,,,,,,,,,,,,,,,,,,,,,,,,,,,,,,,,,,,,,,,,,,,,,,,,,,,,,,,,,,,
144,,,,,,,,,,,,,,,,,,,,,,,,,,,,,,,,,,,,,,,,,,,,,,,,,,,,,,,,,,,,,,,,,,,,,,,,,,,,,,,,,,,,,,,,,,,,,,,,,,,,,,,,,,,,
145,,,,,,,,,,,,,,,,,,,,,,,,,,,,,,,,,,,,,,,,,,,,,,,,,,,,,,,,,,,,,,,,,,,,,,,,,,,,,,,,,,,,,,,,,,,,,,,,,,,,,,,,,,,,
146,,,,,,,,,,,,,,,,,,,,,,,,,,,,,,,,,,,,,,,,,,,,,,,,,,,,,,,,,,,,,,,,,,,,,,,,,,,,,,,,,,,,,,,,,,,,,,,,,,,,,,,,,,,,
147,,,,,,,,,,,,,,,,,,,,,,,,,,,,,,,,,,,,,,,,,,,,,,,,,,,,,,,,,,,,,,,,,,,,,,,,,,,,,,,,,,,,,,,,,,,,,,,,,,,,,,,,,,,,
148,,,,,,,,,,,,,,,,,,,,,,,,,,,,,,,,,,,,,,,,,,,,,,,,,,,,,,,,,,,,,,,,,,,,,,,,,,,,,,,,,,,,,,,,,,,,,,,,,,,,,,,,,,,,
149,,,,,,,,,,,,,,,,,,,,,,,,,,,,,,,,,,,,,,,,,,,,,,,,,,,,,,,,,,,,,,,,,,,,,,,,,,,,,,,,,,,,,,,,,,,,,,,,,,,,,,,,,,,,
150,,,,,,,,,,,,,,,,,,,,,,,,,,,,,,,,,,,,,,,,,,,,,,,,,,,,,,,,,,,,,,,,,,,,,,,,,,,,,,,,,,,,,,,,,,,,,,,,,,,,,,,,,,,,
151,,,,,,,,,,,,,,,,,,,,,,,,,,,,,,,,,,,,,,,,,,,,,,,,,,,,,,,,,,,,,,,,,,,,,,,,,,,,,,,,,,,,,,,,,,,,,,,,,,,,,,,,,,,,
152,,,,,,,,,,,,,,,,,,,,,,,,,,,,,,,,,,,,,,,,,,,,,,,,,,,,,,,,,,,,,,,,,,,,,,,,,,,,,,,,,,,,,,,,,,,,,,,,,,,,,,,,,,,,
153,,,,,,,,,,,,,,,,,,,,,,,,,,,,,,,,,,,,,,,,,,,,,,,,,,,,,,,,,,,,,,,,,,,,,,,,,,,,,,,,,,,,,,,,,,,,,,,,,,,,,,,,,,,,
154,,,,,,,,,,,,,,,,,,,,,,,,,,,,,,,,,,,,,,,,,,,,,,,,,,,,,,,,,,,,,,,,,,,,,,,,,,,,,,,,,,,,,,,,,,,,,,,,,,,,,,,,,,,,
155,,,,,,,,,,,,,,,,,,,,,,,,,,,,,,,,,,,,,,,,,,,,,,,,,,,,,,,,,,,,,,,,,,,,,,,,,,,,,,,,,,,,,,,,,,,,,,,,,,,,,,,,,,,,
156,,,,,,,,,,,,,,,,,,,,,,,,,,,,,,,,,,,,,,,,,,,,,,,,,,,,,,,,,,,,,,,,,,,,,,,,,,,,,,,,,,,,,,,,,,,,,,,,,,,,,,,,,,,,
157,,,,,,,,,,,,,,,,,,,,,,,,,,,,,,,,,,,,,,,,,,,,,,,,,,,,,,,,,,,,,,,,,,,,,,,,,,,,,,,,,,,,,,,,,,,,,,,,,,,,,,,,,,,,
158,,,,,,,,,,,,,,,,,,,,,,,,,,,,,,,,,,,,,,,,,,,,,,,,,,,,,,,,,,,,,,,,,,,,,,,,,,,,,,,,,,,,,,,,,,,,,,,,,,,,,,,,,,,,
159,,,,,,,,,,,,,,,,,,,,,,,,,,,,,,,,,,,,,,,,,,,,,,,,,,,,,,,,,,,,,,,,,,,,,,,,,,,,,,,,,,,,,,,,,,,,,,,,,,,,,,,,,,,,
160,,,,,,,,,,,,,,,,,,,,,,,,,,,,,,,,,,,,,,,,,,,,,,,,,,,,,,,,,,,,,,,,,,,,,,,,,,,,,,,,,,,,,,,,,,,,,,,,,,,,,,,,,,,,
161,,,,,,,,,,,,,,,,,,,,,,,,,,,,,,,,,,,,,,,,,,,,,,,,,,,,,,,,,,,,,,,,,,,,,,,,,,,,,,,,,,,,,,,,,,,,,,,,,,,,,,,,,,,,
162,,,,,,,,,,,,,,,,,,,,,,,,,,,,,,,,,,,,,,,,,,,,,,,,,,,,,,,,,,,,,,,,,,,,,,,,,,,,,,,,,,,,,,,,,,,,,,,,,,,,,,,,,,,,
163,,,,,,,,,,,,,,,,,,,,,,,,,,,,,,,,,,,,,,,,,,,,,,,,,,,,,,,,,,,,,,,,,,,,,,,,,,,,,,,,,,,,,,,,,,,,,,,,,,,,,,,,,,,,
164,,,,,,,,,,,,,,,,,,,,,,,,,,,,,,,,,,,,,,,,,,,,,,,,,,,,,,,,,,,,,,,,,,,,,,,,,,,,,,,,,,,,,,,,,,,,,,,,,,,,,,,,,,,,
165,,,,,,,,,,,,,,,,,,,,,,,,,,,,,,,,,,,,,,,,,,,,,,,,,,,,,,,,,,,,,,,,,,,,,,,,,,,,,,,,,,,,,,,,,,,,,,,,,,,,,,,,,,,,
166,,,,,,,,,,,,,,,,,,,,,,,,,,,,,,,,,,,,,,,,,,,,,,,,,,,,,,,,,,,,,,,,,,,,,,,,,,,,,,,,,,,,,,,,,,,,,,,,,,,,,,,,,,,,
167,,,,,,,,,,,,,,,,,,,,,,,,,,,,,,,,,,,,,,,,,,,,,,,,,,,,,,,,,,,,,,,,,,,,,,,,,,,,,,,,,,,,,,,,,,,,,,,,,,,,,,,,,,,,
168,,,,,,,,,,,,,,,,,,,,,,,,,,,,,,,,,,,,,,,,,,,,,,,,,,,,,,,,,,,,,,,,,,,,,,,,,,,,,,,,,,,,,,,,,,,,,,,,,,,,,,,,,,,,
169,,,,,,,,,,,,,,,,,,,,,,,,,,,,,,,,,,,,,,,,,,,,,,,,,,,,,,,,,,,,,,,,,,,,,,,,,,,,,,,,,,,,,,,,,,,,,,,,,,,,,,,,,,,,
170,,,,,,,,,,,,,,,,,,,,,,,,,,,,,,,,,,,,,,,,,,,,,,,,,,,,,,,,,,,,,,,,,,,,,,,,,,,,,,,,,,,,,,,,,,,,,,,,,,,,,,,,,,,,
171,,,,,,,,,,,,,,,,,,,,,,,,,,,,,,,,,,,,,,,,,,,,,,,,,,,,,,,,,,,,,,,,,,,,,,,,,,,,,,,,,,,,,,,,,,,,,,,,,,,,,,,,,,,,
172,,,,,,,,,,,,,,,,,,,,,,,,,,,,,,,,,,,,,,,,,,,,,,,,,,,,,,,,,,,,,,,,,,,,,,,,,,,,,,,,,,,,,,,,,,,,,,,,,,,,,,,,,,,,
173,,,,,,,,,,,,,,,,,,,,,,,,,,,,,,,,,,,,,,,,,,,,,,,,,,,,,,,,,,,,,,,,,,,,,,,,,,,,,,,,,,,,,,,,,,,,,,,,,,,,,,,,,,,,
174,,,,,,,,,,,,,,,,,,,,,,,,,,,,,,,,,,,,,,,,,,,,,,,,,,,,,,,,,,,,,,,,,,,,,,,,,,,,,,,,,,,,,,,,,,,,,,,,,,,,,,,,,,,,
175,,,,,,,,,,,,,,,,,,,,,,,,,,,,,,,,,,,,,,,,,,,,,,,,,,,,,,,,,,,,,,,,,,,,,,,,,,,,,,,,,,,,,,,,,,,,,,,,,,,,,,,,,,,,
176,,,,,,,,,,,,,,,,,,,,,,,,,,,,,,,,,,,,,,,,,,,,,,,,,,,,,,,,,,,,,,,,,,,,,,,,,,,,,,,,,,,,,,,,,,,,,,,,,,,,,,,,,,,,
177,,,,,,,,,,,,,,,,,,,,,,,,,,,,,,,,,,,,,,,,,,,,,,,,,,,,,,,,,,,,,,,,,,,,,,,,,,,,,,,,,,,,,,,,,,,,,,,,,,,,,,,,,,,,
178,,,,,,,,,,,,,,,,,,,,,,,,,,,,,,,,,,,,,,,,,,,,,,,,,,,,,,,,,,,,,,,,,,,,,,,,,,,,,,,,,,,,,,,,,,,,,,,,,,,,,,,,,,,,
179,,,,,,,,,,,,,,,,,,,,,,,,,,,,,,,,,,,,,,,,,,,,,,,,,,,,,,,,,,,,,,,,,,,,,,,,,,,,,,,,,,,,,,,,,,,,,,,,,,,,,,,,,,,,
180,,,,,,,,,,,,,,,,,,,,,,,,,,,,,,,,,,,,,,,,,,,,,,,,,,,,,,,,,,,,,,,,,,,,,,,,,,,,,,,,,,,,,,,,,,,,,,,,,,,,,,,,,,,,
181,,,,,,,,,,,,,,,,,,,,,,,,,,,,,,,,,,,,,,,,,,,,,,,,,,,,,,,,,,,,,,,,,,,,,,,,,,,,,,,,,,,,,,,,,,,,,,,,,,,,,,,,,,,,
182,,,,,,,,,,,,,,,,,,,,,,,,,,,,,,,,,,,,,,,,,,,,,,,,,,,,,,,,,,,,,,,,,,,,,,,,,,,,,,,,,,,,,,,,,,,,,,,,,,,,,,,,,,,,
183,,,,,,,,,,,,,,,,,,,,,,,,,,,,,,,,,,,,,,,,,,,,,,,,,,,,,,,,,,,,,,,,,,,,,,,,,,,,,,,,,,,,,,,,,,,,,,,,,,,,,,,,,,,,
184,,,,,,,,,,,,,,,,,,,,,,,,,,,,,,,,,,,,,,,,,,,,,,,,,,,,,,,,,,,,,,,,,,,,,,,,,,,,,,,,,,,,,,,,,,,,,,,,,,,,,,,,,,,,
185,,,,,,,,,,,,,,,,,,,,,,,,,,,,,,,,,,,,,,,,,,,,,,,,,,,,,,,,,,,,,,,,,,,,,,,,,,,,,,,,,,,,,,,,,,,,,,,,,,,,,,,,,,,,
186,,,,,,,,,,,,,,,,,,,,,,,,,,,,,,,,,,,,,,,,,,,,,,,,,,,,,,,,,,,,,,,,,,,,,,,,,,,,,,,,,,,,,,,,,,,,,,,,,,,,,,,,,,,,
187,,,,,,,,,,,,,,,,,,,,,,,,,,,,,,,,,,,,,,,,,,,,,,,,,,,,,,,,,,,,,,,,,,,,,,,,,,,,,,,,,,,,,,,,,,,,,,,,,,,,,,,,,,,,
188,,,,,,,,,,,,,,,,,,,,,,,,,,,,,,,,,,,,,,,,,,,,,,,,,,,,,,,,,,,,,,,,,,,,,,,,,,,,,,,,,,,,,,,,,,,,,,,,,,,,,,,,,,,,
189,,,,,,,,,,,,,,,,,,,,,,,,,,,,,,,,,,,,,,,,,,,,,,,,,,,,,,,,,,,,,,,,,,,,,,,,,,,,,,,,,,,,,,,,,,,,,,,,,,,,,,,,,,,,
190,,,,,,,,,,,,,,,,,,,,,,,,,,,,,,,,,,,,,,,,,,,,,,,,,,,,,,,,,,,,,,,,,,,,,,,,,,,,,,,,,,,,,,,,,,,,,,,,,,,,,,,,,,,,
191,,,,,,,,,,,,,,,,,,,,,,,,,,,,,,,,,,,,,,,,,,,,,,,,,,,,,,,,,,,,,,,,,,,,,,,,,,,,,,,,,,,,,,,,,,,,,,,,,,,,,,,,,,,,
192,,,,,,,,,,,,,,,,,,,,,,,,,,,,,,,,,,,,,,,,,,,,,,,,,,,,,,,,,,,,,,,,,,,,,,,,,,,,,,,,,,,,,,,,,,,,,,,,,,,,,,,,,,,,
193,,,,,,,,,,,,,,,,,,,,,,,,,,,,,,,,,,,,,,,,,,,,,,,,,,,,,,,,,,,,,,,,,,,,,,,,,,,,,,,,,,,,,,,,,,,,,,,,,,,,,,,,,,,,
194,,,,,,,,,,,,,,,,,,,,,,,,,,,,,,,,,,,,,,,,,,,,,,,,,,,,,,,,,,,,,,,,,,,,,,,,,,,,,,,,,,,,,,,,,,,,,,,,,,,,,,,,,,,,
195,,,,,,,,,,,,,,,,,,,,,,,,,,,,,,,,,,,,,,,,,,,,,,,,,,,,,,,,,,,,,,,,,,,,,,,,,,,,,,,,,,,,,,,,,,,,,,,,,,,,,,,,,,,,
196,,,,,,,,,,,,,,,,,,,,,,,,,,,,,,,,,,,,,,,,,,,,,,,,,,,,,,,,,,,,,,,,,,,,,,,,,,,,,,,,,,,,,,,,,,,,,,,,,,,,,,,,,,,,
197,,,,,,,,,,,,,,,,,,,,,,,,,,,,,,,,,,,,,,,,,,,,,,,,,,,,,,,,,,,,,,,,,,,,,,,,,,,,,,,,,,,,,,,,,,,,,,,,,,,,,,,,,,,,
198,,,,,,,,,,,,,,,,,,,,,,,,,,,,,,,,,,,,,,,,,,,,,,,,,,,,,,,,,,,,,,,,,,,,,,,,,,,,,,,,,,,,,,,,,,,,,,,,,,,,,,,,,,,,
199,,,,,,,,,,,,,,,,,,,,,,,,,,,,,,,,,,,,,,,,,,,,,,,,,,,,,,,,,,,,,,,,,,,,,,,,,,,,,,,,,,,,,,,,,,,,,,,,,,,,,,,,,,,,
200,,,,,,,,,,,,,,,,,,,,,,,,,,,,,,,,,,,,,,,,,,,,,,,,,,,,,,,,,,,,,,,,,,,,,,,,,,,,,,,,,,,,,,,,,,,,,,,,,,,,,,,,,,,,
201,,,,,,,,,,,,,,,,,,,,,,,,,,,,,,,,,,,,,,,,,,,,,,,,,,,,,,,,,,,,,,,,,,,,,,,,,,,,,,,,,,,,,,,,,,,,,,,,,,,,,,,,,,,,
202,,,,,,,,,,,,,,,,,,,,,,,,,,,,,,,,,,,,,,,,,,,,,,,,,,,,,,,,,,,,,,,,,,,,,,,,,,,,,,,,,,,,,,,,,,,,,,,,,,,,,,,,,,,,
203,,,,,,,,,,,,,,,,,,,,,,,,,,,,,,,,,,,,,,,,,,,,,,,,,,,,,,,,,,,,,,,,,,,,,,,,,,,,,,,,,,,,,,,,,,,,,,,,,,,,,,,,,,,,
204,,,,,,,,,,,,,,,,,,,,,,,,,,,,,,,,,,,,,,,,,,,,,,,,,,,,,,,,,,,,,,,,,,,,,,,,,,,,,,,,,,,,,,,,,,,,,,,,,,,,,,,,,,,,
205,,,,,,,,,,,,,,,,,,,,,,,,,,,,,,,,,,,,,,,,,,,,,,,,,,,,,,,,,,,,,,,,,,,,,,,,,,,,,,,,,,,,,,,,,,,,,,,,,,,,,,,,,,,,
206,,,,,,,,,,,,,,,,,,,,,,,,,,,,,,,,,,,,,,,,,,,,,,,,,,,,,,,,,,,,,,,,,,,,,,,,,,,,,,,,,,,,,,,,,,,,,,,,,,,,,,,,,,,,
207,,,,,,,,,,,,,,,,,,,,,,,,,,,,,,,,,,,,,,,,,,,,,,,,,,,,,,,,,,,,,,,,,,,,,,,,,,,,,,,,,,,,,,,,,,,,,,,,,,,,,,,,,,,,
208,,,,,,,,,,,,,,,,,,,,,,,,,,,,,,,,,,,,,,,,,,,,,,,,,,,,,,,,,,,,,,,,,,,,,,,,,,,,,,,,,,,,,,,,,,,,,,,,,,,,,,,,,,,,
209,,,,,,,,,,,,,,,,,,,,,,,,,,,,,,,,,,,,,,,,,,,,,,,,,,,,,,,,,,,,,,,,,,,,,,,,,,,,,,,,,,,,,,,,,,,,,,,,,,,,,,,,,,,,
210,,,,,,,,,,,,,,,,,,,,,,,,,,,,,,,,,,,,,,,,,,,,,,,,,,,,,,,,,,,,,,,,,,,,,,,,,,,,,,,,,,,,,,,,,,,,,,,,,,,,,,,,,,,,
211,,,,,,,,,,,,,,,,,,,,,,,,,,,,,,,,,,,,,,,,,,,,,,,,,,,,,,,,,,,,,,,,,,,,,,,,,,,,,,,,,,,,,,,,,,,,,,,,,,,,,,,,,,,,
212,,,,,,,,,,,,,,,,,,,,,,,,,,,,,,,,,,,,,,,,,,,,,,,,,,,,,,,,,,,,,,,,,,,,,,,,,,,,,,,,,,,,,,,,,,,,,,,,,,,,,,,,,,,,
213,,,,,,,,,,,,,,,,,,,,,,,,,,,,,,,,,,,,,,,,,,,,,,,,,,,,,,,,,,,,,,,,,,,,,,,,,,,,,,,,,,,,,,,,,,,,,,,,,,,,,,,,,,,,
214,,,,,,,,,,,,,,,,,,,,,,,,,,,,,,,,,,,,,,,,,,,,,,,,,,,,,,,,,,,,,,,,,,,,,,,,,,,,,,,,,,,,,,,,,,,,,,,,,,,,,,,,,,,,
215,,,,,,,,,,,,,,,,,,,,,,,,,,,,,,,,,,,,,,,,,,,,,,,,,,,,,,,,,,,,,,,,,,,,,,,,,,,,,,,,,,,,,,,,,,,,,,,,,,,,,,,,,,,,
216,,,,,,,,,,,,,,,,,,,,,,,,,,,,,,,,,,,,,,,,,,,,,,,,,,,,,,,,,,,,,,,,,,,,,,,,,,,,,,,,,,,,,,,,,,,,,,,,,,,,,,,,,,,,
217,,,,,,,,,,,,,,,,,,,,,,,,,,,,,,,,,,,,,,,,,,,,,,,,,,,,,,,,,,,,,,,,,,,,,,,,,,,,,,,,,,,,,,,,,,,,,,,,,,,,,,,,,,,,
218,,,,,,,,,,,,,,,,,,,,,,,,,,,,,,,,,,,,,,,,,,,,,,,,,,,,,,,,,,,,,,,,,,,,,,,,,,,,,,,,,,,,,,,,,,,,,,,,,,,,,,,,,,,,
219,,,,,,,,,,,,,,,,,,,,,,,,,,,,,,,,,,,,,,,,,,,,,,,,,,,,,,,,,,,,,,,,,,,,,,,,,,,,,,,,,,,,,,,,,,,,,,,,,,,,,,,,,,,,
220,,,,,,,,,,,,,,,,,,,,,,,,,,,,,,,,,,,,,,,,,,,,,,,,,,,,,,,,,,,,,,,,,,,,,,,,,,,,,,,,,,,,,,,,,,,,,,,,,,,,,,,,,,,,
221,,,,,,,,,,,,,,,,,,,,,,,,,,,,,,,,,,,,,,,,,,,,,,,,,,,,,,,,,,,,,,,,,,,,,,,,,,,,,,,,,,,,,,,,,,,,,,,,,,,,,,,,,,,,
222,,,,,,,,,,,,,,,,,,,,,,,,,,,,,,,,,,,,,,,,,,,,,,,,,,,,,,,,,,,,,,,,,,,,,,,,,,,,,,,,,,,,,,,,,,,,,,,,,,,,,,,,,,,,
223,,,,,,,,,,,,,,,,,,,,,,,,,,,,,,,,,,,,,,,,,,,,,,,,,,,,,,,,,,,,,,,,,,,,,,,,,,,,,,,,,,,,,,,,,,,,,,,,,,,,,,,,,,,,
224,,,,,,,,,,,,,,,,,,,,,,,,,,,,,,,,,,,,,,,,,,,,,,,,,,,,,,,,,,,,,,,,,,,,,,,,,,,,,,,,,,,,,,,,,,,,,,,,,,,,,,,,,,,,
225,,,,,,,,,,,,,,,,,,,,,,,,,,,,,,,,,,,,,,,,,,,,,,,,,,,,,,,,,,,,,,,,,,,,,,,,,,,,,,,,,,,,,,,,,,,,,,,,,,,,,,,,,,,,
226,,,,,,,,,,,,,,,,,,,,,,,,,,,,,,,,,,,,,,,,,,,,,,,,,,,,,,,,,,,,,,,,,,,,,,,,,,,,,,,,,,,,,,,,,,,,,,,,,,,,,,,,,,,,
227,,,,,,,,,,,,,,,,,,,,,,,,,,,,,,,,,,,,,,,,,,,,,,,,,,,,,,,,,,,,,,,,,,,,,,,,,,,,,,,,,,,,,,,,,,,,,,,,,,,,,,,,,,,,
228,,,,,,,,,,,,,,,,,,,,,,,,,,,,,,,,,,,,,,,,,,,,,,,,,,,,,,,,,,,,,,,,,,,,,,,,,,,,,,,,,,,,,,,,,,,,,,,,,,,,,,,,,,,,
229,,,,,,,,,,,,,,,,,,,,,,,,,,,,,,,,,,,,,,,,,,,,,,,,,,,,,,,,,,,,,,,,,,,,,,,,,,,,,,,,,,,,,,,,,,,,,,,,,,,,,,,,,,,,
230,,,1.0,,,1.0,,,1.0,,,1.0,,,1.0,958.316,479.063,0.9729999899864197,1020.17,483.884,0.13199999928474426,980.927,471.388,0.9990000128746033,,,1.0,,,1.0,,,1.0,,,1.0,1045.418,604.001,0.9539999961853027,1095.146,596.671,1.0,998.556,652.212,0.9900000095367432,1067.515,685.29,0.9350000023841858,1015.207,739.622,0.9980000257492065,1061.979,718.497,0.9980000257492065,,,,,,,,,,,,,,,,,,,,,,,,,,,,,,,,,,,,,,,,,,,,,,,,,,,,,,
231,,,1.0,,,1.0,,,1.0,,,1.0,,,1.0,,,1.0,,,1.0,,,1.0,,,1.0,,,1.0,,,1.0,,,1.0,,,1.0,1084.641,588.608,0.843999981880188,,,1.0,1062.951,683.595,0.9929999709129333,,,1.0,1058.779,709.277,0.9900000095367432,,,1.0,,,1.0,,,1.0,,,1.0,,,1.0,811.261,500.555,1.0,,,1.0,849.439,475.924,0.9750000238418579,788.024,572.157,0.2770000100135803,,,1.0,,,1.0,,,1.0,837.804,579.588,0.9819999933242798,,,1.0,811.529,611.942,0.164000004529953,,,1.0,,,1.0,,,1.0
232,,,1.0,,,1.0,,,1.0,,,1.0,,,1.0,,,1.0,,,1.0,,,1.0,1004.334,604.482,0.2750000059604645,,,1.0,,,1.0,,,1.0,1076.382,617.833,0.9980000257492065,1126.949,610.168,1.0,1036.318,690.696,0.5550000071525574,1100.481,699.515,0.2619999945163727,1050.587,740.959,0.9919999837875366,,,1.0,,,1.0,,,1.0,,,1.0,,,1.0,,,1.0,843.326,518.276,0.9990000128746033,923.975,524.154,0.23899999260902405,891.315,500.18,0.9929999709129333,828.487,589.967,0.9819999933242798,,,1.0,,,1.0,,,1.0,859.43,611.645,0.5249999761581421,,,1.0,825.593,635.941,0.9850000143051147,,,1.0,,,1.0,,,1.0
233,,,,,,,,,,,,,,,,,,,,,,,,,,,,,,,,,,,,,,,,,,,,,,,,,,,,,,,,,1.0,,,1.0,,,1.0,,,1.0,,,1.0,894.649,491.367,0.9480000138282776,955.99,508.115,0.19900000095367432,920.694,476.146,0.9700000286102295,,,1.0,,,1.0,,,1.0,,,1.0,902.354,572.432,0.953000009059906,,,1.0,891.933,620.141,0.5389999747276306,,,1.0,,,1.0,,,1.0
234,,,,,,,,,,,,,,,,,,,,,,,,,,,,,,,,,,,,,,,,,,,,,,,,,,,,,,,,,1.0,,,1.0,,,1.0,,,1.0,,,1.0,913.83,426.353,0.968999981880188,,,1.0,937.639,419.11,0.9670000076293945,,,1.0,,,1.0,,,1.0,,,1.0,904.557,533.88,0.9829999804496765,,,1.0,859.874,548.006,0.7210000157356262,,,1.0,,,1.0,,,1.0
235,,,1.0,,,1.0,,,1.0,,,1.0,,,1.0,1036.292,397.751,0.7599999904632568,1116.003,396.083,0.27799999713897705,1074.087,387.135,0.9539999961853027,,,1.0,,,1.0,,,1.0,,,1.0,1116.131,515.986,0.19900000095367432,1166.207,511.376,1.0,,,1.0,1133.219,587.105,0.9570000171661377,,,1.0,,,1.0,,,1.0,,,1.0,,,1.0,,,1.0,,,1.0,882.891,404.362,0.8700000047683716,964.155,412.209,0.824999988079071,923.646,389.207,0.9829999804496765,860.347,492.506,0.421999990940094,,,1.0,851.562,532.763,0.9779999852180481,,,1.0,899.296,509.373,0.9950000047683716,954.539,516.645,0.578000009059906,875.795,532.03,0.13500000536441803,,,1.0,,,1.0,,,1.0
236,,,1.0,,,1.0,,,1.0,,,1.0,,,1.0,1051.948,380.113,0.2329999953508377,1125.96,389.76,0.9150000214576721,1085.862,373.277,0.996999979019165,1068.087,492.086,0.15000000596046448,,,1.0,,,1.0,,,1.0,1116.098,515.886,0.39399999380111694,1169.77,508.368,1.0,1019.948,523.999,0.17299999296665192,1155.586,595.637,0.8209999799728394,,,1.0,1140.81,627.79,0.9390000104904175,,,1.0,,,1.0,,,1.0,,,1.0,,,1.0,876.726,397.621,0.8220000267028809,967.41,402.908,0.9990000128746033,924.166,377.647,0.9919999837875366,,,1.0,,,1.0,,,1.0,,,1.0,898.46,506.704,0.9959999918937683,951.413,501.376,0.9950000047683716,859.821,516.272,0.33000001311302185,,,1.0,,,1.0,,,1.0
237,,,1.0,,,1.0,,,1.0,,,1.0,,,1.0,1041.046,396.942,0.5049999952316284,1124.385,396.21,0.703000009059906,1085.404,375.32,0.9980000257492065,,,1.0,,,1.0,,,1.0,,,1.0,1107.871,515.938,0.43700000643730164,1165.316,508.512,1.0,1066.623,581.767,0.9990000128746033,,,1.0,1082.053,624.859,1.0,,,1.0,,,1.0,,,1.0,,,1.0,,,1.0,,,1.0,876.456,396.857,0.42800000309944153,964.757,404.495,0.9950000047683716,927.609,382.363,0.9990000128746033,,,1.0,,,1.0,,,1.0,,,1.0,899.933,515.676,0.9980000257492065,971.63,547.774,0.26600000262260437,,,1.0,,,1.0,,,1.0,,,1.0
238,,,1.0,1118.319,377.259,0.1850000023841858,,,1.0,,,1.0,,,1.0,1076.399,380.371,0.17599999904632568,1147.238,395.474,0.7279999852180481,1106.548,374.544,0.9980000257492065,,,1.0,,,1.0,,,1.0,,,1.0,1132.031,524.099,0.2840000092983246,1177.319,506.602,1.0,1082.615,572.216,0.9800000190734863,1148.668,571.812,0.5630000233650208,1094.432,615.653,1.0,1147.869,635.601,0.8650000095367432,,,1.0,,,1.0,,,1.0,,,1.0,,,1.0,908.849,396.578,0.42899999022483826,971.983,397.564,0.9929999709129333,934.873,376.967,0.9990000128746033,,,1.0,,,1.0,,,1.0,,,1.0,899.973,515.817,0.7009999752044678,965.436,497.672,0.996999979019165,,,1.0,,,1.0,,,1.0,,,1.0
239,,,1.0,,,1.0,,,1.0,,,1.0,,,1.0,1037.38,411.479,0.8759999871253967,1131.867,395.949,0.6990000009536743,1092.826,386.57,0.996999979019165,,,1.0,,,1.0,,,1.0,,,1.0,1075.885,547.916,0.14900000393390656,1162.079,520.907,1.0,1066.427,572.675,0.9940000176429749,,,1.0,1079.593,612.968,1.0,,,1.0,,,1.0,,,1.0,,,1.0,,,1.0,,,1.0,861.246,406.814,0.996999979019165,954.972,404.659,0.9810000061988831,925.754,382.647,0.9980000257492065,859.929,483.676,0.4950000047683716,,,1.0,,,1.0,,,1.0,892.282,516.615,0.9419999718666077,946.249,517.447,0.9179999828338623,,,1.0,,,1.0,,,1.0,,,1.0
240,,,,,,,,,,,,,,,,,,,,,,,,,,,,,,,,,,,,,,,,,,,,,,,,,,,,,,,,,1.0,,,1.0,,,1.0,,,1.0,,,1.0,867.694,413.024,0.9610000252723694,932.079,436.225,0.4959999918937683,897.015,410.248,0.9950000047683716,,,1.0,,,1.0,,,1.0,,,1.0,850.835,547.493,0.9169999957084656,935.57,516.861,0.9940000176429749,,,1.0,,,1.0,,,1.0,,,1.0
241,,,,,,,,,,,,,,,,,,,,,,,,,,,,,,,,,,,,,,,,,,,,,,,,,,,,,,,,,1.0,,,1.0,,,1.0,,,1.0,,,1.0,843.468,466.827,0.27300000190734863,,,1.0,870.666,459.483,0.7770000100135803,,,1.0,,,1.0,,,1.0,,,1.0,858.074,580.268,0.6510000228881836,,,1.0,,,1.0,,,1.0,,,1.0,,,1.0
242,,,,,,,,,,,,,,,,,,,,,,,,,,,,,,,,,,,,,,,,,,,,,,,,,,,,,,,,,1.0,,,1.0,,,1.0,,,1.0,,,1.0,806.233,507.954,0.9670000076293945,844.126,492.927,0.6349999904632568,820.106,489.526,0.9929999709129333,,,1.0,,,1.0,,,1.0,,,1.0,826.467,612.606,0.5659999847412109,,,1.0,,,1.0,,,1.0,,,1.0,,,1.0
243,,,,,,,,,,,,,,,,,,,,,,,,,,,,,,,,,,,,,,,,,,,,,,,,,,,,,,,,,1.0,,,1.0,,,1.0,,,1.0,,,1.0,822.591,490.41,0.9819999933242798,,,1.0,851.76,484.048,0.4000000059604645,,,1.0,,,1.0,,,1.0,,,1.0,836.823,600.9,0.9190000295639038,,,1.0,,,1.0,,,1.0,,,1.0,,,1.0
244,,,,,,,,,,,,,,,,,,,,,,,,,,,,,,,,,,,,,,,,,,,,,,,,,,,,,,,,,1.0,,,1.0,,,1.0,,,1.0,,,1.0,803.121,524.291,0.5059999823570251,,,1.0,809.333,508.141,0.968999981880188,,,1.0,,,1.0,,,1.0,,,1.0,812.821,622.379,0.9990000128746033,876.541,620.066,0.9909999966621399,795.923,651.988,0.11999999731779099,,,1.0,,,1.0,,,1.0
245,,,1.0,,,1.0,,,1.0,,,1.0,,,1.0,973.184,535.619,0.9750000238418579,,,1.0,987.06,517.904,0.5809999704360962,,,1.0,,,1.0,,,1.0,,,1.0,1005.64,621.115,1.0,1069.138,614.961,1.0,980.018,684.032,0.7289999723434448,,,1.0,980.346,731.278,0.9200000166893005,,,1.0,,,1.0,,,1.0,,,1.0,,,1.0,,,1.0,795.686,524.762,0.3799999952316284,843.967,524.103,0.23499999940395355,811.175,506.857,0.9929999709129333,764.096,652.194,0.33399999141693115,891.482,627.377,0.1459999978542328,,,1.0,,,1.0,820.943,621.845,0.9990000128746033,877.698,618.906,0.9850000143051147,,,1.0,,,1.0,,,1.0,,,1.0
246,,,1.0,,,1.0,,,1.0,,,1.0,,,1.0,971.437,524.59,0.527999997138977,,,1.0,,,1.0,,,1.0,,,1.0,,,1.0,,,1.0,1008.29,614.214,1.0,1066.525,597.794,1.0,996.026,684.136,0.4000000059604645,1068.136,694.265,0.7850000262260437,987.748,724.312,0.8849999904632568,,,1.0,,,1.0,,,1.0,,,1.0,,,1.0,,,1.0,804.257,515.819,0.32600000500679016,,,1.0,812.789,503.796,0.953000009059906,,,1.0,,,1.0,,,1.0,,,1.0,828.034,620.076,0.5920000076293945,890.791,604.335,0.9890000224113464,771.998,628.091,0.16899999976158142,,,1.0,,,1.0,,,1.0
247,,,1.0,,,1.0,,,1.0,,,1.0,,,1.0,957.61,538.993,0.9380000233650208,,,1.0,996.183,515.805,0.3440000116825104,,,1.0,,,1.0,,,1.0,,,1.0,998.104,613.591,1.0,1061.489,602.28,1.0,995.793,699.915,0.3240000009536743,1067.942,691.608,0.7009999752044678,,,1.0,,,1.0,,,1.0,,,1.0,,,1.0,,,1.0,,,1.0,804.049,515.906,0.1599999964237213,,,1.0,802.069,504.155,0.9789999723434448,,,1.0,,,1.0,,,1.0,,,1.0,836.775,612.479,0.9959999918937683,884.24,597.564,0.9070000052452087,,,1.0,,,1.0,,,1.0,,,1.0
248,,,1.0,,,1.0,,,1.0,,,1.0,,,1.0,956.352,539.773,0.7699999809265137,,,1.0,1004.133,516.022,0.18299999833106995,,,1.0,,,1.0,,,1.0,,,1.0,999.191,615.397,1.0,1063.362,602.965,1.0,1012.173,700.302,0.859000027179718,1077.263,699.609,0.9610000252723694,,,1.0,1066.475,766.962,0.9990000128746033,,,1.0,,,1.0,,,1.0,,,1.0,,,1.0,803.95,524.082,0.13699999451637268,,,1.0,810.84,507.105,0.6759999990463257,772.461,643.128,0.23399999737739563,,,1.0,,,1.0,,,1.0,844.128,610.658,0.9990000128746033,905.835,609.842,1.0,803.712,667.872,0.27300000190734863,924.711,652.439,0.6240000128746033,,,1.0,909.216,685.553,0.8399999737739563
249,,,1.0,,,1.0,,,1.0,,,1.0,,,1.0,954.918,541.682,0.9660000205039978,,,1.0,,,1.0,,,1.0,,,1.0,,,1.0,,,1.0,1001.564,615.085,1.0,1064.983,600.117,1.0,971.895,661.248,0.9129999876022339,1068.14,691.137,0.9990000128746033,1010.476,723.002,0.9929999709129333,1061.165,766.179,1.0,,,1.0,,,1.0,,,1.0,,,1.0,,,1.0,812.257,523.994,0.22499999403953552,,,1.0,810.798,505.371,0.9879999756813049,772.116,636.365,0.7749999761581421,,,1.0,,,1.0,,,1.0,837.687,610.824,1.0,898.247,617.426,0.9990000128746033,803.948,667.983,0.15800000727176666,908.318,661.077,0.5559999942779541,,,1.0,900.455,692.254,0.3240000009536743
250,,,1.0,,,1.0,,,1.0,,,1.0,,,1.0,,,1.0,,,1.0,,,1.0,,,1.0,,,1.0,,,1.0,,,1.0,1003.548,636.255,0.9980000257492065,1068.214,628.883,0.996999979019165,1004.153,700.094,0.5189999938011169,1082.916,715.748,0.9789999723434448,,,1.0,1077.56,780.415,1.0,,,1.0,,,1.0,,,1.0,,,1.0,,,1.0,818.738,532.747,0.9390000104904175,,,1.0,,,1.0,,,1.0,,,1.0,,,1.0,,,1.0,859.886,621.901,0.972000002861023,919.447,627.606,0.9990000128746033,,,1.0,,,1.0,,,1.0,,,1.0
251,,,1.0,,,1.0,,,1.0,,,1.0,,,1.0,979.303,557.287,0.9369999766349792,,,1.0,1028.045,540.037,0.17399999499320984,,,1.0,,,1.0,,,1.0,,,1.0,1004.835,661.215,1.0,1077.842,652.057,0.9990000128746033,1020.469,731.085,0.9539999961853027,1091.883,731.832,0.9919999837875366,,,1.0,,,1.0,,,1.0,,,1.0,,,1.0,,,1.0,,,1.0,819.96,556.492,0.503000020980835,,,1.0,,,1.0,,,1.0,,,1.0,,,1.0,,,1.0,874.55,650.107,0.9779999852180481,931.584,645.964,0.9990000128746033,,,1.0,,,1.0,,,1.0,,,1.0
252,,,1.0,,,1.0,,,1.0,,,1.0,,,1.0,1003.32,554.134,0.9760000109672546,,,1.0,1051.563,539.638,0.19200000166893005,,,1.0,,,1.0,,,1.0,,,1.0,1018.117,667.121,1.0,1094.906,658.775,0.9879999756813049,1035.977,739.679,0.21199999749660492,,,1.0,,,1.0,,,1.0,,,1.0,,,1.0,,,1.0,,,1.0,,,1.0,810.809,589.309,0.45500001311302185,884.025,564.104,0.43700000643730164,844.167,553.148,0.9700000286102295,,,1.0,,,1.0,,,1.0,,,1.0,874.382,675.841,0.8939999938011169,939.467,691.627,0.9869999885559082,923.897,748.032,0.17599999904632568,,,1.0,,,1.0,,,1.0
253,,,1.0,,,1.0,,,1.0,,,1.0,,,1.0,1010.795,556.06,0.625,,,1.0,1058.627,547.131,0.9769999980926514,,,1.0,1139.416,683.775,0.15199999511241913,,,1.0,,,1.0,1032.525,674.921,0.9990000128746033,1111.759,666.568,0.9990000128746033,1026.882,748.458,0.875,1134.168,748.363,1.0,,,1.0,1122.287,802.531,1.0,,,1.0,,,1.0,,,1.0,,,1.0,,,1.0,811.842,588.08,0.210999995470047,907.982,564.085,0.578000009059906,860.712,551.527,0.9890000224113464,,,1.0,,,1.0,,,1.0,,,1.0,915.968,675.997,0.38600000739097595,964.614,658.785,0.9959999918937683,,,1.0,963.036,715.188,0.8130000233650208,,,1.0,948.622,765.409,0.9390000104904175
254,,,1.0,,,1.0,,,1.0,,,1.0,,,1.0,1011.785,556.164,0.3190000057220459,1098.206,563.808,0.9139999747276306,1059.636,539.977,0.9990000128746033,,,1.0,,,1.0,,,1.0,,,1.0,1027.829,678.624,1.0,1106.759,665.19,0.9990000128746033,1020.109,731.045,0.984000027179718,1121.63,739.293,0.9789999723434448,,,1.0,1114.624,795.276,0.9620000123977661,,,1.0,,,1.0,,,1.0,,,1.0,,,1.0,813.417,599.446,0.9559999704360962,902.282,564.824,0.9789999723434448,853.14,553.677,0.9990000128746033,,,1.0,,,1.0,,,1.0,,,1.0,916.026,676.065,0.6150000095367432,956.768,674.766,0.9879999756813049,,,1.0,,,1.0,,,1.0,,,1.0
255,,,1.0,,,1.0,,,1.0,,,1.0,,,1.0,1027.14,556.082,0.6069999933242798,,,1.0,1061.285,546.452,0.8799999952316284,,,1.0,,,1.0,,,1.0,,,1.0,1030.629,679.233,1.0,1112.636,667.858,1.0,1026.429,748.711,0.9240000247955322,1130.063,743.537,1.0,,,1.0,1123.653,800.364,1.0,,,1.0,,,1.0,,,1.0,,,1.0,,,1.0,812.552,596.092,0.7789999842643738,907.701,564.966,0.9110000133514404,860.678,552.895,0.9990000128746033,820.8,676.622,0.4180000126361847,,,1.0,,,1.0,,,1.0,899.963,692.045,0.2680000066757202,954.04,685.872,0.9959999918937683,,,1.0,,,1.0,,,1.0,,,1.0
256,,,1.0,,,1.0,,,1.0,,,1.0,,,1.0,979.898,552.642,0.9879999756813049,,,1.0,1028.45,532.439,0.3880000114440918,,,1.0,,,1.0,,,1.0,,,1.0,1005.495,675.708,0.9819999933242798,1075.475,662.383,1.0,,,1.0,,,1.0,,,1.0,,,1.0,,,,,,,,,,,,,,,,,,,,,,,,,,,,,,,,,,,,,,,,,,,,,,,,,,,,,,
257,,,1.0,,,1.0,,,1.0,,,1.0,,,1.0,,,1.0,,,1.0,961.908,532.909,0.8830000162124634,,,1.0,,,1.0,,,1.0,,,1.0,956.991,672.574,0.9950000047683716,1027.764,668.158,0.996999979019165,,,1.0,,,1.0,,,1.0,,,1.0,,,,,,,,,,,,,,,,,,,,,,,,,,,,,,,,,,,,,,,,,,,,,,,,,,,,,,
258,,,1.0,,,1.0,,,1.0,,,1.0,,,1.0,,,1.0,,,1.0,,,1.0,,,1.0,,,1.0,,,1.0,,,1.0,922.787,654.171,0.9810000061988831,979.779,645.864,1.0,907.496,699.892,0.8539999723434448,,,1.0,,,1.0,,,1.0,,,,,,,,,,,,,,,,,,,,,,,,,,,,,,,,,,,,,,,,,,,,,,,,,,,,,,
259,,,,,,,,,,,,,,,,,,,,,,,,,,,,,,,,,,,,,,,,,,,,,,,,,,,,,,,,,,,,,,,,,,,,,,,,,,,,,,,,,,,,,,,,,,,,,,,,,,,,,,,,,,,,
260,,,1.0,,,1.0,,,1.0,,,1.0,,,1.0,654.152,514.357,0.9150000214576721,724.634,508.02,0.8619999885559082,676.42,497.316,0.9850000143051147,,,1.0,,,1.0,,,1.0,,,1.0,724.926,612.596,0.9829999804496765,780.019,619.261,0.9980000257492065,,,1.0,,,1.0,,,1.0,,,1.0,,,1.0,,,1.0,,,1.0,,,1.0,,,1.0,,,1.0,,,1.0,,,1.0,,,1.0,,,1.0,,,1.0,,,1.0,874.847,618.735,0.9990000128746033,936.768,614.581,1.0,860.152,675.581,0.7020000219345093,940.997,683.061,0.8240000009536743,,,1.0,933.876,700.248,0.972000002861023
261,,,1.0,,,1.0,,,1.0,,,1.0,,,1.0,659.234,522.898,0.8220000267028809,,,1.0,683.911,500.188,0.5649999976158142,,,1.0,,,1.0,,,1.0,,,1.0,746.286,627.461,0.8880000114440918,787.27,621.151,0.9890000224113464,651.913,651.976,0.5270000100135803,,,1.0,,,1.0,,,1.0,,,1.0,,,1.0,,,1.0,,,1.0,,,1.0,,,1.0,,,1.0,,,1.0,,,1.0,,,1.0,,,1.0,,,1.0,882.769,629.986,0.9990000128746033,941.893,618.652,1.0,859.864,683.778,0.8180000185966492,,,1.0,,,1.0,,,1.0
262,,,1.0,,,1.0,,,1.0,,,1.0,,,1.0,636.018,508.823,0.3409999907016754,,,1.0,666.925,488.889,0.9779999852180481,684.14,604.226,0.1120000034570694,,,1.0,,,1.0,,,1.0,747.76,611.533,0.6970000267028809,,,1.0,,,1.0,,,1.0,,,1.0,,,1.0,,,1.0,,,1.0,,,1.0,,,1.0,,,1.0,,,1.0,,,1.0,,,1.0,,,1.0,,,1.0,,,1.0,,,1.0,881.472,597.023,0.996999979019165,936.319,600.002,1.0,,,1.0,,,1.0,,,1.0,940.208,700.435,0.1459999978542328
263,,,1.0,,,1.0,,,1.0,,,1.0,,,1.0,627.976,508.102,0.17599999904632568,716.633,485.245,0.8970000147819519,675.125,475.05,0.9950000047683716,,,1.0,,,1.0,,,1.0,,,1.0,724.585,620.446,0.5910000205039978,,,1.0,,,1.0,,,1.0,,,1.0,,,1.0,,,1.0,,,1.0,,,1.0,,,1.0,,,1.0,,,1.0,,,1.0,,,1.0,,,1.0,,,1.0,,,1.0,,,1.0,883.215,577.711,0.9990000128746033,946.72,581.119,1.0,851.884,629.178,0.8880000114440918,,,1.0,,,1.0,,,1.0
264,,,1.0,,,1.0,,,1.0,,,1.0,,,1.0,668.096,476.08,0.3449999988079071,,,1.0,667.322,470.25,0.9789999723434448,,,1.0,,,1.0,,,1.0,,,1.0,731.8,572.445,0.4569999873638153,778.63,565.092,0.9950000047683716,635.925,603.982,0.1889999955892563,,,1.0,,,1.0,,,1.0,,,1.0,,,1.0,,,1.0,,,1.0,,,1.0,828.029,484.02,0.12999999523162842,,,1.0,,,1.0,,,1.0,,,1.0,,,1.0,,,1.0,892.629,565.716,0.9929999709129333,951.35,568.6,1.0,876.823,624.139,0.9959999918937683,,,1.0,,,1.0,,,1.0
265,,,1.0,,,1.0,,,1.0,,,1.0,,,1.0,638.963,476.375,0.6909999847412109,732.151,467.861,0.6320000290870667,668.412,458.834,0.9959999918937683,645.807,572.825,0.8880000114440918,,,1.0,,,1.0,,,1.0,652.091,563.991,0.14900000393390656,,,1.0,,,1.0,,,1.0,,,1.0,,,1.0,,,,,,,,,,,,,,,,,,,,,,,,,,,,,,,,,,,,,,,,,,,,,,,,,,,,,,
266,,,1.0,,,1.0,,,1.0,,,1.0,,,1.0,652.782,459.014,0.5509999990463257,,,1.0,691.228,434.425,0.9570000171661377,,,1.0,,,1.0,,,1.0,,,1.0,668.012,539.973,0.7229999899864197,,,1.0,667.776,564.002,0.1420000046491623,,,1.0,,,1.0,,,1.0,,,,,,,,,,,,,,,,,,,,,,,,,,,,,,,,,,,,,,,,,,,,,,,,,,,,,,
267,,,1.0,,,1.0,,,1.0,,,1.0,,,1.0,653.231,461.839,0.8859999775886536,,,1.0,682.056,444.473,0.8389999866485596,650.702,563.915,0.9350000023841858,,,1.0,,,1.0,,,1.0,724.193,571.132,0.10599999874830246,,,1.0,,,1.0,,,1.0,,,1.0,,,1.0,,,,,,,,,,,,,,,,,,,,,,,,,,,,,,,,,,,,,,,,,,,,,,,,,,,,,,
268,,,1.0,,,1.0,,,1.0,,,1.0,,,1.0,669.822,428.27,0.9769999980926514,,,1.0,699.19,406.87,0.9860000014305115,,,1.0,,,1.0,,,1.0,,,1.0,765.462,508.049,0.9750000238418579,804.864,498.881,0.996999979019165,700.004,556.069,0.21799999475479126,,,1.0,,,1.0,,,1.0,,,,,,,,,,,,,,,,,,,,,,,,,,,,,,,,,,,,,,,,,,,,,,,,,,,,,,
269,,,1.0,,,1.0,,,1.0,,,1.0,,,1.0,675.108,411.897,0.9649999737739563,,,1.0,708.391,395.145,0.7350000143051147,,,1.0,,,1.0,,,1.0,,,1.0,764.588,499.985,0.6060000061988831,803.523,499.738,0.9879999756813049,699.824,548.163,0.15600000321865082,,,1.0,,,1.0,,,1.0,,,,,,,,,,,,,,,,,,,,,,,,,,,,,,,,,,,,,,,,,,,,,,,,,,,,,,
270,,,1.0,,,1.0,,,1.0,,,1.0,,,1.0,668.313,405.822,0.9300000071525574,,,1.0,668.236,395.928,0.10300000011920929,,,1.0,,,1.0,,,1.0,,,1.0,764.084,493.559,0.9760000109672546,813.627,486.167,0.9990000128746033,,,1.0,819.558,563.593,0.8709999918937683,,,1.0,812.659,606.858,0.906000018119812,,,,,,,,,,,,,,,,,,,,,,,,,,,,,,,,,,,,,,,,,,,,,,,,,,,,,,
271,,,1.0,,,1.0,,,1.0,,,1.0,,,1.0,674.396,404.294,0.9760000109672546,756.253,403.746,0.7739999890327454,715.315,377.275,0.9599999785423279,,,1.0,,,1.0,,,1.0,,,1.0,763.909,496.043,0.9990000128746033,813.241,483.265,1.0,763.899,563.684,0.17499999701976776,828.298,565.046,0.5879999995231628,,,1.0,,,1.0,,,,,,,,,,,,,,,,,,,,,,,,,,,,,,,,,,,,,,,,,,,,,,,,,,,,,,
272,,,1.0,,,1.0,,,1.0,,,1.0,,,1.0,675.096,401.703,0.9980000257492065,748.272,387.571,0.7990000247955322,700.369,373.765,0.9729999899864197,692.03,523.89,0.10199999809265137,,,1.0,,,1.0,,,1.0,769.978,493.08,0.9990000128746033,821.338,478.028,1.0,715.852,507.923,0.7049999833106995,827.462,539.207,0.9829999804496765,,,1.0,835.013,593.664,0.9879999756813049,,,,,,,,,,,,,,,,,,,,,,,,,,,,,,,,,,,,,,,,,,,,,,,,,,,,,,
273,,,1.0,,,1.0,,,1.0,,,1.0,,,1.0,676.905,404.931,0.996999979019165,756.472,388.49,0.8009999990463257,714.512,375.383,0.9959999918937683,,,1.0,,,1.0,,,1.0,,,1.0,769.733,494.133,1.0,818.191,478.646,1.0,,,1.0,828.068,564.685,0.8379999995231628,,,1.0,828.118,595.535,0.3179999887943268,,,,,,,,,,,,,,,,,,,,,,,,,,,,,,,,,,,,,,,,,,,,,,,,,,,,,,
274,,,1.0,735.052,377.19,0.8529999852180481,,,1.0,,,1.0,,,1.0,670.919,393.313,0.9570000171661377,757.019,396.624,0.9750000238418579,714.712,373.989,0.9150000214576721,676.876,446.091,0.9900000095367432,,,1.0,,,1.0,,,1.0,765.266,507.571,0.8870000243186951,806.314,483.418,0.9990000128746033,,,1.0,,,1.0,,,1.0,,,1.0,,,,,,,,,,,,,,,,,,,,,,,,,,,,,,,,,,,,,,,,,,,,,,,,,,,,,,
275,,,1.0,,,1.0,,,1.0,,,1.0,,,1.0,659.473,396.685,0.9639999866485596,732.989,387.445,0.8349999785423279,683.604,370.104,0.902999997138977,660.766,444.344,0.7369999885559082,,,1.0,,,1.0,,,1.0,756.661,516.788,0.6539999842643738,791.188,481.95,1.0,,,1.0,,,1.0,,,1.0,,,1.0,,,,,,,,,,,,,,,,,,,,,,,,,,,,,,,,,,,,,,,,,,,,,,,,,,,,,,
276,,,1.0,,,1.0,,,1.0,,,1.0,,,1.0,641.748,403.208,0.9629999995231628,722.67,387.065,0.875,683.215,373.69,0.9210000038146973,,,1.0,,,1.0,,,1.0,,,1.0,659.879,515.955,0.45399999618530273,779.834,478.989,0.9990000128746033,,,1.0,,,1.0,,,1.0,,,1.0,,,,,,,,,,,,,,,,,,,,,,,,,,,,,,,,,,,,,,,,,,,,,,,,,,,,,,
277,,,1.0,,,1.0,,,1.0,,,1.0,,,1.0,646.394,393.575,0.9900000095367432,739.76,396.699,0.9079999923706055,676.357,363.448,0.9980000257492065,652.751,493.851,0.9649999737739563,,,1.0,,,1.0,,,1.0,748.018,524.124,0.11999999731779099,791.832,477.851,1.0,,,1.0,,,1.0,,,1.0,,,1.0,,,,,,,,,,,,,,,,,,,,,,,,,,,,,,,,,,,,,,,,,,,,,,,,,,,,,,
278,,,1.0,,,1.0,,,1.0,,,1.0,,,1.0,659.817,393.949,0.9990000128746033,732.238,396.568,0.7390000224113464,690.134,375.939,0.9980000257492065,668.024,492.216,0.19699999690055847,,,1.0,,,1.0,,,1.0,748.029,492.082,0.38199999928474426,793.774,478.427,1.0,,,1.0,,,1.0,,,1.0,,,1.0,,,,,,,,,,,,,,,,,,,,,,,,,,,,,,,,,,,,,,,,,,,,,,,,,,,,,,
279,,,1.0,,,1.0,,,1.0,,,1.0,,,1.0,658.088,391.606,0.9750000238418579,732.5,395.485,0.824999988079071,686.321,370.319,0.9990000128746033,660.534,492.763,0.8629999756813049,,,1.0,,,1.0,,,1.0,691.89,540.051,0.2370000034570694,792.724,477.767,1.0,,,1.0,,,1.0,,,1.0,,,1.0,,,1.0,,,1.0,,,1.0,,,1.0,,,1.0,908.094,388.489,0.7200000286102295,985.208,395.424,0.968999981880188,947.502,376.48,0.875,,,1.0,,,1.0,,,1.0,,,1.0,979.955,499.876,0.9909999966621399,1034.458,497.274,1.0,948.125,546.523,0.984000027179718,,,1.0,963.44,586.481,0.968999981880188,,,1.0
280,,,1.0,,,1.0,,,1.0,,,1.0,,,1.0,651.763,402.637,0.8619999885559082,731.383,404.212,0.9660000205039978,686.867,388.512,0.9959999918937683,,,1.0,,,1.0,,,1.0,,,1.0,739.795,492.137,0.3840000033378601,795.291,492.249,0.9950000047683716,,,1.0,,,1.0,,,1.0,,,1.0,,,1.0,,,1.0,,,1.0,,,1.0,,,1.0,924.042,404.301,0.3970000147819519,,,1.0,,,1.0,,,1.0,,,1.0,,,1.0,,,1.0,972.689,506.772,0.9729999899864197,1033.424,500.575,1.0,,,1.0,,,1.0,,,1.0,1013.261,619.566,0.7960000038146973
281,,,,,,,,,,,,,,,,,,,,,,,,,,,,,,,,,,,,,,,,,,,,,,,,,,,,,,,,,1.0,,,1.0,,,1.0,,,1.0,,,1.0,923.497,427.39,0.828000009059906,,,1.0,,,1.0,,,1.0,,,1.0,,,1.0,,,1.0,972.332,522.594,0.9990000128746033,1025.741,516.025,1.0,963.757,581.45,0.6230000257492065,1020.014,597.763,0.42100000381469727,972.158,642.249,0.7730000019073486,,,1.0
282,,,,,,,,,,,,,,,,,,,,,,,,,,,,,,,,,,,,,,,,,,,,,,,,,,,,,,,,,1.0,,,1.0,,,1.0,,,1.0,,,1.0,915.883,452.374,0.4490000009536743,,,1.0,,,1.0,,,1.0,,,1.0,,,1.0,,,1.0,967.062,544.185,1.0,1018.374,531.913,1.0,939.854,611.807,0.1860000044107437,,,1.0,,,1.0,,,1.0
283,,,,,,,,,,,,,,,,,,,,,,,,,,,,,,,,,,,,,,,,,,,,,,,,,,,,,,,,,1.0,,,1.0,,,1.0,,,1.0,,,1.0,915.9,467.921,0.17299999296665192,,,1.0,,,1.0,,,1.0,,,1.0,,,1.0,,,1.0,955.933,554.23,1.0,1013.58,538.599,1.0,947.501,603.909,0.7089999914169312,1011.737,628.276,0.9390000104904175,,,1.0,1004.64,669.403,0.49300000071525574
284,,,,,,,,,,,,,,,,,,,,,,,,,,,,,,,,,,,,,,,,,,,,,,,,,,,,,,,,,1.0,,,1.0,,,1.0,,,1.0,,,1.0,908.84,468.373,0.8429999947547913,,,1.0,,,1.0,,,1.0,,,1.0,,,1.0,,,1.0,941.749,550.354,0.9990000128746033,1003.876,539.409,1.0,947.405,643.756,0.75,,,1.0,,,1.0,,,1.0
285,,,,,,,,,,,,,,,,,,,,,,,,,,,,,,,,,,,,,,,,,,,,,,,,,,,,,,,,,1.0,,,1.0,,,1.0,,,1.0,,,1.0,908.715,468.955,0.5440000295639038,,,1.0,,,1.0,,,1.0,,,1.0,,,1.0,,,1.0,949.93,552.119,1.0,1009.272,539.471,1.0,,,1.0,1011.892,628.359,0.9240000247955322,,,1.0,1004.611,675.782,0.16500000655651093
286,,,,,,,,,,,,,,,,,,,,,,,,,,,,,,,,,,,,,,,,,,,,,,,,,,,,,,,,,1.0,,,1.0,,,1.0,,,1.0,,,1.0,892.339,468.439,0.4320000112056732,964.105,476.171,0.6919999718666077,921.95,458.537,0.6209999918937683,,,1.0,,,1.0,,,1.0,,,1.0,935.798,555.314,1.0,997.989,548.965,1.0,946.778,627.746,0.9980000257492065,1003.405,630.655,1.0,988.099,684.023,0.9670000076293945,1002.463,686.931,0.9950000047683716
287,,,,,,,,,,,,,,,,,,,,,,,,,,,,,,,,,,,,,,,,,,,,,,,,,,,,,,,,,1.0,,,1.0,,,1.0,,,1.0,,,1.0,884.078,485.023,0.6819999814033508,,,1.0,899.981,468.065,0.1589999943971634,,,1.0,,,1.0,,,1.0,,,1.0,934.533,561.953,1.0,1000.029,549.207,1.0,955.242,634.181,0.8489999771118164,1007.539,634.652,0.9990000128746033,976.92,684.762,0.9950000047683716,1002.84,691.09,0.9750000238418579
288,,,,,,,,,,,,,,,,,,,,,,,,,,,,,,,,,,,,,,,,,,,,,,,,,,,,,,,,,1.0,,,1.0,,,1.0,,,1.0,,,1.0,,,1.0,,,1.0,,,1.0,,,1.0,,,1.0,,,1.0,,,1.0,937.939,566.603,1.0,1014.067,555.523,1.0,918.538,637.822,0.9739999771118164,1026.36,635.015,1.0,,,1.0,1026.3,690.083,0.9869999885559082
289,,,1.0,,,1.0,,,1.0,,,1.0,,,1.0,651.171,491.991,0.7670000195503235,731.875,460.449,0.8370000123977661,687.772,450.469,0.9890000224113464,,,1.0,,,1.0,,,1.0,,,1.0,,,1.0,,,1.0,,,1.0,,,1.0,,,1.0,,,1.0,,,1.0,,,1.0,,,1.0,,,1.0,,,1.0,931.949,460.017,0.1589999943971634,996.041,476.09,0.28600001335144043,939.176,443.403,0.28299999237060547,,,1.0,,,1.0,,,1.0,,,1.0,937.359,568.653,1.0,1013.893,560.427,1.0,923.393,635.44,0.8569999933242798,1038.155,636.597,1.0,,,1.0,1030.838,691.728,1.0
290,652.195,452.695,0.9950000047683716,,,1.0,,,1.0,,,1.0,,,1.0,659.341,492.316,0.8519999980926514,740.141,459.682,0.9860000014305115,699.564,451.549,0.9779999852180481,,,1.0,,,1.0,,,1.0,,,1.0,,,1.0,,,1.0,,,1.0,,,1.0,,,1.0,,,1.0,,,1.0,,,1.0,,,1.0,,,1.0,,,1.0,939.807,451.409,0.19900000095367432,,,1.0,955.136,443.355,0.3089999854564667,892.018,564.013,0.38499999046325684,,,1.0,,,1.0,,,1.0,943.8,577.542,1.0,1011.295,565.52,1.0,966.485,645.33,0.9950000047683716,1037.05,637.625,1.0,1001.637,696.854,0.9929999709129333,1037.779,688.539,1.0
291,652.761,451.896,0.9039999842643738,,,1.0,,,1.0,,,1.0,,,1.0,659.163,491.13,0.6740000247955322,739.201,459.601,0.984000027179718,692.959,448.636,0.996999979019165,660.311,595.912,0.45500001311302185,,,1.0,,,1.0,,,1.0,675.932,620.047,0.3889999985694885,,,1.0,,,1.0,,,1.0,,,1.0,,,1.0,,,1.0,,,1.0,,,1.0,,,1.0,,,1.0,924.296,459.888,0.4410000145435333,996.705,475.31,0.6019999980926514,954.629,444.001,0.75,,,1.0,,,1.0,,,1.0,,,1.0,938.398,569.671,1.0,1013.251,559.857,1.0,924.001,645.227,0.8510000109672546,1037.886,636.748,0.9990000128746033,,,1.0,1037.362,689.901,1.0
292,660.173,452.455,0.9959999918937683,,,1.0,,,1.0,,,1.0,,,1.0,659.293,490.253,0.9750000238418579,745.105,458.032,0.9980000257492065,701.125,449.889,0.996999979019165,,,1.0,,,1.0,,,1.0,,,1.0,668.019,604.053,0.4169999957084656,,,1.0,,,1.0,,,1.0,,,1.0,,,1.0,,,1.0,,,1.0,,,1.0,,,1.0,,,1.0,940.578,459.699,0.4059999883174896,1001.896,469.124,0.7639999985694885,956.858,441.807,0.6620000004768372,891.993,563.989,0.1850000023841858,,,1.0,,,1.0,,,1.0,948.112,578.043,1.0,1009.867,564.044,1.0,971.522,659.915,0.9589999914169312,,,1.0,,,1.0,,,1.0
293,659.955,452.204,0.984000027179718,,,1.0,,,1.0,,,1.0,,,1.0,651.758,486.092,0.9919999837875366,743.347,457.574,0.9980000257492065,701.287,449.087,0.9990000128746033,,,1.0,,,1.0,,,1.0,,,1.0,667.853,603.907,0.44699999690055847,,,1.0,,,1.0,,,1.0,,,1.0,,,1.0,,,1.0,,,1.0,,,1.0,,,1.0,,,1.0,940.006,451.687,0.10300000011920929,1001.499,469.731,0.9139999747276306,958.271,443.289,0.859000027179718,900.676,572.358,0.164000004529953,,,1.0,,,1.0,,,1.0,947.765,576.387,1.0,1010.3,563.858,1.0,940.008,636.048,0.574999988079071,,,1.0,,,1.0,,,1.0
294,652.457,451.947,0.46299999952316284,,,1.0,,,1.0,,,1.0,,,1.0,651.643,488.871,0.9470000267028809,739.842,458.731,0.972000002861023,693.404,450.734,0.9980000257492065,,,1.0,,,1.0,,,1.0,,,1.0,747.961,572.138,0.38999998569488525,,,1.0,,,1.0,,,1.0,,,1.0,,,1.0,,,1.0,,,1.0,,,1.0,,,1.0,,,1.0,915.991,460.051,0.14100000262260437,996.913,468.371,0.7730000019073486,958.808,449.86,0.9810000061988831,,,1.0,,,1.0,,,1.0,,,1.0,950.471,579.159,1.0,1015.108,568.462,1.0,939.939,636.053,0.12600000202655792,,,1.0,,,1.0,,,1.0
295,,,1.0,,,1.0,,,1.0,,,1.0,,,1.0,653.378,490.034,0.9409999847412109,738.936,458.66,0.9980000257492065,688.837,454.043,0.9990000128746033,,,1.0,,,1.0,,,1.0,,,1.0,739.621,611.732,0.7429999709129333,,,1.0,,,1.0,,,1.0,,,1.0,,,1.0,,,1.0,,,1.0,,,1.0,,,1.0,,,1.0,900.173,468.016,0.9300000071525574,,,1.0,939.606,449.308,0.9950000047683716,908.092,564.089,0.23600000143051147,,,1.0,,,1.0,,,1.0,952.344,582.352,1.0,1016.568,570.007,1.0,939.996,636.121,0.6850000023841858,,,1.0,,,1.0,,,1.0
296,,,1.0,,,1.0,,,1.0,,,1.0,,,1.0,651.308,488.492,0.9729999899864197,730.587,459.675,0.9959999918937683,684.202,454.149,1.0,,,1.0,,,1.0,,,1.0,,,1.0,652.078,604.154,0.13099999725818634,,,1.0,,,1.0,,,1.0,,,1.0,,,1.0,,,1.0,,,1.0,,,1.0,,,1.0,,,1.0,894.423,468.364,0.9879999756813049,987.922,476.097,0.41499999165534973,933.636,452.887,0.9990000128746033,,,1.0,,,1.0,,,1.0,,,1.0,950.984,579.982,1.0,1019.916,570.305,1.0,970.816,644.561,0.6399999856948853,1029.515,635.661,0.7580000162124634,,,1.0,,,1.0
297,,,1.0,,,1.0,,,1.0,,,1.0,,,1.0,651.684,491.505,0.8870000243186951,730.767,466.916,0.9729999899864197,690.506,453.561,1.0,644.907,547.562,0.9909999966621399,,,1.0,,,1.0,,,1.0,,,1.0,,,1.0,,,1.0,,,1.0,,,1.0,,,1.0,,,1.0,,,1.0,,,1.0,,,1.0,,,1.0,897.34,467.676,0.9879999756813049,,,1.0,937.767,449.393,0.9980000257492065,900.736,563.947,0.9359999895095825,,,1.0,,,1.0,,,1.0,952.436,584.745,1.0,1016.184,571.319,1.0,,,1.0,1036.331,619.912,0.6330000162124634,,,1.0,,,1.0
298,644.129,458.808,0.9240000247955322,,,1.0,,,1.0,,,1.0,,,1.0,651.12,490.21,0.8989999890327454,727.953,465.904,0.9959999918937683,683.274,455.0,1.0,,,1.0,,,1.0,,,1.0,,,1.0,731.537,612.193,0.4569999873638153,,,1.0,,,1.0,,,1.0,,,1.0,,,1.0,,,1.0,,,1.0,,,1.0,,,1.0,,,1.0,,,1.0,,,1.0,,,1.0,,,1.0,,,1.0,,,1.0,,,1.0,951.483,572.163,0.9990000128746033,1016.522,571.525,1.0,947.458,628.742,0.4339999854564667,1020.769,648.309,0.996999979019165,,,1.0,1036.354,659.498,0.460999995470047
299,,,1.0,,,1.0,,,1.0,,,1.0,,,1.0,646.094,492.363,0.7760000228881836,727.596,474.707,0.9900000095367432,679.247,459.218,0.9990000128746033,,,1.0,,,1.0,,,1.0,,,1.0,,,1.0,,,1.0,,,1.0,,,1.0,,,1.0,,,1.0,,,1.0,,,1.0,,,1.0,,,1.0,,,1.0,,,1.0,,,1.0,,,1.0,,,1.0,,,1.0,,,1.0,,,1.0,955.777,569.745,0.9990000128746033,1019.306,569.797,1.0,964.638,643.481,0.3889999985694885,1020.462,619.986,0.9259999990463257,,,1.0,1021.771,647.046,1.0
300,,,1.0,,,1.0,,,1.0,,,1.0,,,1.0,643.074,499.848,0.878000020980835,727.342,473.742,0.9990000128746033,677.656,460.261,1.0,,,1.0,782.613,564.114,0.9980000257492065,,,1.0,,,1.0,,,1.0,,,1.0,,,1.0,,,1.0,,,1.0,,,1.0,,,1.0,,,1.0,,,1.0,,,1.0,,,1.0,,,1.0,,,1.0,,,1.0,899.626,572.148,0.28299999237060547,,,1.0,,,1.0,,,1.0,955.704,562.094,1.0,1018.469,569.478,1.0,950.039,619.498,0.9959999918937683,1021.042,627.335,0.9739999771118164,971.947,684.874,0.9950000047683716,1014.424,646.081,1.0
301,,,1.0,,,1.0,,,1.0,,,1.0,,,1.0,651.851,492.389,0.5320000052452087,727.56,468.263,0.9980000257492065,676.963,457.573,0.9990000128746033,,,1.0,,,1.0,,,1.0,,,1.0,731.966,604.143,0.17100000381469727,,,1.0,,,1.0,,,1.0,,,1.0,,,1.0,,,1.0,,,1.0,,,1.0,,,1.0,,,1.0,,,1.0,,,1.0,,,1.0,,,1.0,,,1.0,,,1.0,,,1.0,969.423,557.656,0.9990000128746033,1021.335,562.796,1.0,955.653,619.15,0.8159999847412109,1011.736,635.971,0.9929999709129333,,,1.0,1020.403,643.795,0.7080000042915344
302,,,1.0,,,1.0,,,1.0,,,1.0,,,1.0,644.608,499.265,0.8050000071525574,716.333,461.181,0.949999988079071,674.184,457.273,1.0,,,1.0,,,1.0,,,1.0,,,1.0,715.554,619.681,0.5619999766349792,,,1.0,,,1.0,,,1.0,,,1.0,,,1.0,,,1.0,,,1.0,,,1.0,,,1.0,,,1.0,875.992,468.351,0.42399999499320984,,,1.0,,,1.0,,,1.0,,,1.0,,,1.0,,,1.0,968.032,551.897,1.0,1023.071,555.124,1.0,956.343,620.107,0.9309999942779541,,,1.0,,,1.0,,,1.0
303,,,1.0,,,1.0,,,1.0,,,1.0,,,1.0,644.975,500.592,0.5429999828338623,725.095,469.127,0.996999979019165,676.059,457.042,0.9990000128746033,,,1.0,,,1.0,,,1.0,,,1.0,708.113,611.954,0.14300000667572021,,,1.0,,,1.0,,,1.0,,,1.0,,,1.0,,,1.0,,,1.0,,,1.0,,,1.0,,,1.0,,,1.0,,,1.0,,,1.0,,,1.0,,,1.0,,,1.0,,,1.0,968.201,555.361,1.0,1022.982,556.189,1.0,956.094,619.978,0.8460000157356262,,,1.0,971.837,685.323,0.9950000047683716,,,1.0
304,,,1.0,,,1.0,,,1.0,,,1.0,,,1.0,620.576,498.78,0.9470000267028809,715.828,459.658,0.878000020980835,670.118,456.255,0.996999979019165,,,1.0,,,1.0,,,1.0,,,1.0,707.9,617.024,0.953000009059906,756.702,603.143,0.9800000190734863,,,1.0,,,1.0,,,1.0,,,1.0,,,1.0,,,1.0,,,1.0,,,1.0,,,1.0,876.096,476.541,0.4740000069141388,,,1.0,908.524,450.239,0.9950000047683716,,,1.0,,,1.0,,,1.0,,,1.0,970.803,551.076,1.0,1027.427,546.214,1.0,954.854,634.0,0.7049999833106995,,,1.0,978.769,683.528,0.996999979019165,980.196,697.903,0.6809999942779541
305,,,1.0,,,1.0,,,1.0,,,1.0,,,1.0,636.656,476.479,0.4359999895095825,716.507,464.954,0.9890000224113464,670.357,458.589,0.9980000257492065,611.961,515.074,0.9890000224113464,,,1.0,,,1.0,,,1.0,636.031,540.162,0.7089999914169312,756.187,548.04,0.3140000104904175,,,1.0,,,1.0,,,1.0,,,1.0,,,1.0,,,1.0,,,1.0,,,1.0,,,1.0,,,1.0,,,1.0,900.268,452.347,0.6959999799728394,,,1.0,,,1.0,,,1.0,,,1.0,968.069,552.963,1.0,1024.035,544.943,1.0,948.389,629.394,0.9679999947547913,997.243,651.302,0.9570000171661377,978.542,678.919,1.0,,,1.0
306,,,1.0,,,1.0,,,1.0,,,1.0,,,1.0,620.143,475.908,0.7730000019073486,698.615,465.777,0.9890000224113464,656.98,452.748,1.0,,,1.0,,,1.0,,,1.0,,,1.0,700.062,547.964,0.14499999582767487,732.347,539.451,0.9980000257492065,659.993,564.05,0.15600000321865082,,,1.0,,,1.0,,,1.0,,,1.0,,,1.0,,,1.0,,,1.0,,,1.0,,,1.0,,,1.0,,,1.0,,,1.0,,,1.0,,,1.0,,,1.0,962.541,555.102,1.0,1015.1,546.415,1.0,934.384,629.175,0.9950000047683716,,,1.0,965.015,675.117,0.9980000257492065,,,1.0
307,,,1.0,,,1.0,,,1.0,,,1.0,,,1.0,595.975,492.09,0.21799999475479126,696.717,459.468,0.9860000014305115,653.363,454.879,0.996999979019165,,,1.0,,,1.0,,,1.0,,,1.0,692.423,604.735,0.6240000128746033,,,1.0,,,1.0,,,1.0,,,1.0,,,1.0,,,1.0,,,1.0,,,1.0,,,1.0,,,1.0,883.766,444.506,0.4779999852180481,,,1.0,890.161,438.596,0.6880000233650208,,,1.0,,,1.0,,,1.0,,,1.0,963.393,555.565,1.0,1011.456,547.071,1.0,924.077,612.499,0.9990000128746033,973.326,634.517,0.9980000257492065,924.43,667.898,0.4690000116825104,967.191,668.937,1.0
308,,,,,,,,,,,,,,,,,,,,,,,,,,,,,,,,,,,,,,,,,,,,,,,,,,,,,,,,,1.0,,,1.0,,,1.0,,,1.0,,,1.0,868.314,450.862,0.49799999594688416,,,1.0,888.974,436.568,0.9890000224113464,,,1.0,,,1.0,,,1.0,,,1.0,954.242,552.073,1.0,1009.799,550.076,1.0,924.125,620.937,0.9509999752044678,972.959,630.243,0.871999979019165,,,1.0,967.2,667.708,0.9980000257492065
309,,,,,,,,,,,,,,,,,,,,,,,,,,,,,,,,,,,,,,,,,,,,,,,,,,,,,,,,,1.0,,,1.0,,,1.0,,,1.0,,,1.0,875.95,444.987,0.3479999899864197,,,1.0,888.712,437.737,0.921999990940094,,,1.0,,,1.0,,,1.0,,,1.0,954.795,553.029,0.9990000128746033,1011.496,547.243,1.0,931.571,620.851,0.9909999966621399,966.669,635.252,0.9890000224113464,,,1.0,966.424,671.294,1.0
310,,,,,,,,,,,,,,,,,,,,,,,,,,,,,,,,,,,,,,,,,,,,,,,,,,,,,,,,,1.0,,,1.0,,,1.0,,,1.0,,,1.0,876.649,435.862,0.6690000295639038,,,1.0,889.614,423.07,0.6830000281333923,,,1.0,,,1.0,,,1.0,,,1.0,954.1,546.685,0.996999979019165,1003.326,539.286,1.0,,,1.0,980.842,587.348,0.9210000038146973,,,1.0,,,1.0
311,,,,,,,,,,,,,,,,,,,,,,,,,,,,,,,,,,,,,,,,,,,,,,,,,,,,,,,,,1.0,,,1.0,,,1.0,,,1.0,,,1.0,882.738,427.396,0.5339999794960022,,,1.0,908.124,410.718,0.4790000021457672,,,1.0,,,1.0,,,1.0,,,1.0,948.117,533.161,0.9990000128746033,1002.809,527.516,1.0,,,1.0,978.985,576.257,0.9890000224113464,,,1.0,,,1.0
312,,,,,,,,,,,,,,,,,,,,,,,,,,,,,,,,,,,,,,,,,,,,,,,,,,,,,,,,,1.0,,,1.0,,,1.0,,,1.0,,,1.0,,,1.0,,,1.0,884.775,407.014,0.875,,,1.0,,,1.0,,,1.0,,,1.0,947.808,547.241,0.9779999852180481,997.254,527.655,1.0,,,1.0,977.841,573.418,0.9110000133514404,,,1.0,,,1.0
313,,,,,,,,,,,,,,,,,,,,,,,,,,,,,,,,,,,,,,,,,,,,,,,,,,,,,,,,,,,,,,,,,,,,,,,,,,,,,,,,,,,,,,,,,,,,,,,,,,,,,,,,,,,,
314,,,1.0,,,1.0,,,1.0,,,1.0,,,1.0,843.312,428.834,0.375,,,1.0,899.921,402.687,0.9860000014305115,,,1.0,,,1.0,,,1.0,,,1.0,,,1.0,,,1.0,859.504,531.943,0.45500001311302185,,,1.0,,,1.0,,,1.0,,,,,,,,,,,,,,,,,,,,,,,,,,,,,,,,,,,,,,,,,,,,,,,,,,,,,,
315,,,1.0,,,1.0,,,1.0,,,1.0,,,1.0,844.417,427.237,0.9150000214576721,951.376,426.749,0.972000002861023,899.013,403.042,0.9919999837875366,844.233,492.315,0.5699999928474426,,,1.0,,,1.0,,,1.0,956.08,547.907,0.22100000083446503,996.353,523.33,1.0,867.947,555.995,0.10400000214576721,,,1.0,,,1.0,,,1.0,,,,,,,,,,,,,,,,,,,,,,,,,,,,,,,,,,,,,,,,,,,,,,,,,,,,,,
316,,,1.0,,,1.0,,,1.0,,,1.0,,,1.0,851.852,419.843,0.2879999876022339,950.022,422.392,0.9049999713897705,901.828,402.921,0.9950000047683716,,,1.0,,,1.0,,,1.0,,,1.0,940.037,508.131,0.5899999737739563,996.336,510.403,1.0,859.738,531.241,0.5450000166893005,,,1.0,,,1.0,,,1.0,,,,,,,,,,,,,,,,,,,,,,,,,,,,,,,,,,,,,,,,,,,,,,,,,,,,,,
317,,,1.0,,,1.0,,,1.0,,,1.0,,,1.0,868.265,411.975,0.21799999475479126,,,1.0,892.923,395.985,0.9660000205039978,,,1.0,,,1.0,,,1.0,,,1.0,939.79,516.103,0.38199999928474426,993.976,506.277,1.0,900.228,547.788,0.9399999976158142,,,1.0,,,1.0,,,1.0,,,,,,,,,,,,,,,,,,,,,,,,,,,,,,,,,,,,,,,,,,,,,,,,,,,,,,
318,,,1.0,,,1.0,,,1.0,,,1.0,,,1.0,859.968,412.187,0.7170000076293945,,,1.0,900.227,394.439,0.9110000133514404,,,1.0,,,1.0,,,1.0,,,1.0,938.101,500.96,0.9369999766349792,997.488,505.432,1.0,875.94,539.977,0.24799999594688416,979.809,572.23,0.9940000176429749,,,1.0,980.213,612.31,0.8610000014305115,,,,,,,,,,,,,,,,,,,,,,,,,,,,,,,,,,,,,,,,,,,,,,,,,,,,,,
319,,,1.0,,,1.0,,,1.0,,,1.0,,,1.0,892.404,404.594,0.5460000038146973,,,1.0,899.515,404.939,0.35199999809265137,,,1.0,,,1.0,,,1.0,,,1.0,947.035,511.472,0.996999979019165,999.723,500.171,1.0,930.399,564.944,0.9810000061988831,996.424,571.606,0.9950000047683716,,,1.0,988.556,633.515,1.0,,,,,,,,,,,,,,,,,,,,,,,,,,,,,,,,,,,,,,,,,,,,,,,,,,,,,,
320,,,1.0,,,1.0,,,1.0,,,1.0,,,1.0,876.762,420.737,0.6389999985694885,,,1.0,,,1.0,875.985,483.919,0.47699999809265137,,,1.0,,,1.0,,,1.0,948.72,500.987,0.9890000224113464,1010.376,495.752,1.0,955.874,580.216,0.30399999022483826,1014.852,571.813,0.9980000257492065,,,1.0,1003.58,628.617,0.9900000095367432,,,,,,,,,,,,,,,,,,,,,,,,,,,,,,,,,,,,,,,,,,,,,,,,,,,,,,
321,,,1.0,,,1.0,,,1.0,,,1.0,,,1.0,876.657,420.508,0.925000011920929,,,1.0,,,1.0,868.052,508.131,0.4090000092983246,,,1.0,,,1.0,,,1.0,949.097,505.571,1.0,1004.584,495.84,1.0,949.109,571.851,0.656000018119812,1002.787,571.759,0.9990000128746033,,,1.0,999.366,629.706,1.0,,,,,,,,,,,,,,,,,,,,,,,,,,,,,,,,,,,,,,,,,,,,,,,,,,,,,,
322,,,1.0,,,1.0,,,1.0,,,1.0,,,1.0,899.365,411.382,0.8960000276565552,,,1.0,,,1.0,,,1.0,,,1.0,,,1.0,,,1.0,956.332,507.718,1.0,1014.966,501.483,1.0,964.674,580.453,0.972000002861023,1020.558,580.893,1.0,,,1.0,1017.719,637.448,1.0,,,,,,,,,,,,,,,,,,,,,,,,,,,,,,,,,,,,,,,,,,,,,,,,,,,,,,
323,,,1.0,,,1.0,,,1.0,,,1.0,,,1.0,917.794,412.684,0.8320000171661377,,,1.0,,,1.0,,,1.0,,,1.0,,,1.0,,,1.0,968.355,516.737,0.9940000176429749,1033.413,508.467,1.0,970.188,597.654,0.9679999947547913,1036.885,587.539,0.996999979019165,,,1.0,1035.983,639.39,1.0,,,,,,,,,,,,,,,,,,,,,,,,,,,,,,,,,,,,,,,,,,,,,,,,,,,,,,
324,,,1.0,,,1.0,,,1.0,,,1.0,,,1.0,929.556,427.654,0.9700000286102295,,,1.0,,,1.0,,,1.0,,,1.0,,,1.0,,,1.0,983.301,535.283,0.9990000128746033,1042.329,523.645,1.0,982.195,598.372,0.9879999756813049,1053.809,603.198,1.0,979.261,635.558,0.8220000267028809,1050.857,656.18,1.0,,,,,,,,,,,,,,,,,,,,,,,,,,,,,,,,,,,,,,,,,,,,,,,,,,,,,,
325,,,1.0,,,1.0,,,1.0,,,1.0,,,1.0,945.444,441.746,0.9890000224113464,,,1.0,996.018,427.988,0.13500000536441803,,,1.0,,,1.0,,,1.0,,,1.0,979.997,531.163,0.9879999756813049,1050.052,537.788,1.0,987.983,612.637,0.7559999823570251,,,1.0,,,1.0,,,1.0,,,,,,,,,,,,,,,,,,,,,,,,,,,,,,,,,,,,,,,,,,,,,,,,,,,,,,
326,,,1.0,,,1.0,,,1.0,,,1.0,,,1.0,960.882,444.92,0.9940000176429749,,,1.0,,,1.0,,,1.0,,,1.0,,,1.0,,,1.0,997.073,545.363,0.996999979019165,1062.831,548.125,1.0,1003.928,604.129,0.7730000019073486,,,1.0,,,1.0,,,1.0,,,,,,,,,,,,,,,,,,,,,,,,,,,,,,,,,,,,,,,,,,,,,,,,,,,,,,
327,,,1.0,,,1.0,,,1.0,,,1.0,,,1.0,959.306,440.56,0.9810000061988831,,,1.0,996.014,436.058,0.12200000137090683,,,1.0,,,1.0,,,1.0,,,1.0,985.567,536.158,0.9959999918937683,1056.82,542.37,1.0,995.151,603.943,0.9129999876022339,,,1.0,,,1.0,,,1.0,,,,,,,,,,,,,,,,,,,,,,,,,,,,,,,,,,,,,,,,,,,,,,,,,,,,,,
328,,,1.0,,,1.0,,,1.0,,,1.0,,,1.0,963.999,459.878,0.8740000128746033,,,1.0,1005.003,442.938,0.22100000083446503,,,1.0,,,1.0,,,1.0,,,1.0,1012.039,554.089,0.9990000128746033,1078.867,554.873,1.0,1019.473,618.604,0.9490000009536743,,,1.0,,,1.0,,,1.0,,,1.0,,,1.0,,,1.0,,,1.0,,,1.0,736.06,491.827,0.9909999966621399,812.106,459.743,0.656000018119812,767.538,440.511,0.9959999918937683,,,1.0,,,1.0,,,1.0,,,1.0,820.102,604.189,0.27300000190734863,,,1.0,,,1.0,,,1.0,,,1.0,,,1.0
329,,,1.0,,,1.0,,,1.0,,,1.0,,,1.0,988.625,461.096,0.7699999809265137,,,1.0,1009.964,444.541,0.9070000052452087,965.236,572.691,0.19099999964237213,,,1.0,,,1.0,,,1.0,1026.78,568.064,0.9990000128746033,1092.552,564.079,1.0,1044.09,619.83,0.9900000095367432,,,1.0,,,1.0,,,1.0,,,1.0,,,1.0,,,1.0,,,1.0,,,1.0,753.413,491.558,0.7789999842643738,837.982,467.763,0.8899999856948853,788.087,453.171,0.9909999966621399,,,1.0,,,1.0,,,1.0,,,1.0,828.109,604.208,0.2770000100135803,,,1.0,804.036,612.124,0.12200000137090683,,,1.0,,,1.0,,,1.0
330,,,1.0,,,1.0,,,1.0,,,1.0,,,1.0,976.187,486.379,0.9520000219345093,,,1.0,1019.709,452.046,0.5299999713897705,,,1.0,,,1.0,,,1.0,,,1.0,1037.17,564.109,0.9990000128746033,1103.136,571.339,1.0,,,1.0,1122.251,636.313,1.0,,,1.0,1121.187,666.744,1.0,,,1.0,,,1.0,,,1.0,,,1.0,,,1.0,772.992,500.479,0.6470000147819519,854.631,475.151,0.9589999914169312,810.584,454.628,0.968999981880188,,,1.0,,,1.0,,,1.0,,,1.0,844.096,620.139,0.4399999976158142,,,1.0,,,1.0,,,1.0,,,1.0,,,1.0
331,,,1.0,,,1.0,,,1.0,,,1.0,,,1.0,988.147,484.068,0.4729999899864197,,,1.0,,,1.0,,,1.0,,,1.0,,,1.0,,,1.0,1035.786,557.266,0.9929999709129333,1110.593,569.766,1.0,,,1.0,1117.242,621.589,0.9890000224113464,,,1.0,1118.179,653.744,0.9990000128746033,,,1.0,,,1.0,,,1.0,,,1.0,,,1.0,771.377,505.728,0.9610000252723694,856.296,469.193,0.9959999918937683,814.686,457.533,1.0,,,1.0,,,1.0,,,1.0,,,1.0,859.657,627.871,0.5049999952316284,,,1.0,,,1.0,,,1.0,,,1.0,,,1.0
332,,,1.0,,,1.0,,,1.0,,,1.0,,,1.0,995.603,484.221,0.6029999852180481,,,1.0,,,1.0,,,1.0,,,1.0,,,1.0,,,1.0,1049.13,555.079,1.0,1117.962,570.933,1.0,,,1.0,1123.672,612.203,0.6290000081062317,,,1.0,1122.078,643.969,0.9990000128746033,,,1.0,,,1.0,,,1.0,,,1.0,,,1.0,782.57,502.779,0.8700000047683716,872.387,475.465,0.9990000128746033,829.617,460.762,0.9959999918937683,779.394,540.747,0.16300000250339508,,,1.0,,,1.0,,,1.0,868.377,627.952,0.9359999895095825,890.902,588.765,0.5009999871253967,,,1.0,,,1.0,,,1.0,,,1.0
333,,,1.0,,,1.0,,,1.0,,,1.0,,,1.0,989.38,490.05,0.9399999976158142,,,1.0,,,1.0,,,1.0,,,1.0,,,1.0,,,1.0,1047.391,561.709,1.0,1114.895,570.229,1.0,,,1.0,1116.734,644.229,0.5690000057220459,,,1.0,1122.683,652.103,0.9980000257492065,,,1.0,,,1.0,,,1.0,,,1.0,,,1.0,771.252,502.244,0.8379999995231628,868.65,475.121,0.9990000128746033,820.861,456.888,0.9990000128746033,772.013,540.053,0.10000000149011612,,,1.0,,,1.0,,,1.0,867.856,627.944,0.9169999957084656,884.521,596.561,0.5759999752044678,,,1.0,,,1.0,,,1.0,,,1.0
334,,,1.0,,,1.0,,,1.0,,,1.0,,,1.0,996.013,475.967,0.12099999934434891,,,1.0,,,1.0,,,1.0,,,1.0,,,1.0,,,1.0,1047.704,552.8,0.9990000128746033,1123.298,568.479,1.0,,,1.0,1115.839,604.544,0.13699999451637268,,,1.0,1122.67,639.946,0.9990000128746033,,,1.0,,,1.0,,,1.0,,,1.0,,,1.0,785.784,475.549,0.9800000190734863,875.052,476.834,0.9900000095367432,834.664,459.224,1.0,,,1.0,,,1.0,,,1.0,,,1.0,884.044,627.911,0.28700000047683716,,,1.0,,,1.0,,,1.0,,,1.0,,,1.0
335,,,1.0,,,1.0,,,1.0,,,1.0,,,1.0,,,1.0,,,1.0,,,1.0,,,1.0,,,1.0,,,1.0,,,1.0,1056.997,550.899,1.0,1130.351,564.408,1.0,1068.215,620.138,0.8759999871253967,,,1.0,,,1.0,,,1.0,,,1.0,,,1.0,,,1.0,,,1.0,,,1.0,797.806,483.528,0.9980000257492065,885.353,482.894,0.9959999918937683,839.265,458.28,0.9990000128746033,,,1.0,,,1.0,,,1.0,,,1.0,884.728,627.863,0.8799999952316284,,,1.0,,,1.0,,,1.0,,,1.0,,,1.0
336,,,1.0,,,1.0,,,1.0,,,1.0,,,1.0,,,1.0,,,1.0,,,1.0,997.656,573.526,0.871999979019165,,,1.0,,,1.0,,,1.0,1062.166,550.247,1.0,1132.762,562.675,1.0,1077.187,619.517,0.9179999828338623,,,1.0,,,1.0,,,1.0,,,1.0,,,1.0,,,1.0,,,1.0,,,1.0,796.426,499.627,0.7570000290870667,886.75,482.632,1.0,846.266,466.439,0.996999979019165,,,1.0,,,1.0,,,1.0,,,1.0,,,1.0,,,1.0,,,1.0,,,1.0,,,1.0,,,1.0
337,,,1.0,,,1.0,,,1.0,,,1.0,,,1.0,995.436,500.149,0.35199999809265137,,,1.0,,,1.0,1000.221,573.401,0.9980000257492065,,,1.0,,,1.0,,,1.0,1064.992,548.769,1.0,1134.358,559.15,1.0,1084.688,620.457,0.9470000267028809,1124.261,620.828,0.9959999918937683,,,1.0,1115.97,651.472,0.9610000252723694,,,1.0,,,1.0,,,1.0,,,1.0,,,1.0,812.232,484.241,0.3869999945163727,888.73,484.774,0.9990000128746033,861.84,469.698,1.0,,,1.0,,,1.0,,,1.0,,,1.0,,,1.0,,,1.0,,,1.0,,,1.0,,,1.0,,,1.0
338,,,1.0,,,1.0,,,1.0,,,1.0,,,1.0,1027.975,468.052,0.4480000138282776,,,1.0,,,1.0,1000.082,571.32,0.9950000047683716,,,1.0,,,1.0,,,1.0,1062.209,551.685,1.0,1135.843,559.005,1.0,,,1.0,1116.042,645.263,0.9860000014305115,,,1.0,1116.624,668.795,0.9710000157356262,,,1.0,,,1.0,,,1.0,,,1.0,,,1.0,819.969,476.137,0.16500000655651093,886.258,482.735,0.9240000247955322,859.022,469.901,0.9940000176429749,,,1.0,,,1.0,,,1.0,,,1.0,,,1.0,,,1.0,,,1.0,,,1.0,,,1.0,,,1.0
339,,,1.0,,,1.0,,,1.0,,,1.0,,,1.0,1035.987,468.019,0.14800000190734863,,,1.0,1012.01,460.003,0.31299999356269836,999.963,572.828,0.9639999866485596,,,1.0,,,1.0,,,1.0,1060.828,547.378,0.9990000128746033,1135.594,558.805,1.0,,,1.0,1117.601,636.783,0.996999979019165,,,1.0,1116.842,674.496,0.9319999814033508,,,1.0,,,1.0,,,1.0,,,1.0,,,1.0,812.102,484.035,0.25099998712539673,889.468,485.207,0.9929999709129333,860.444,469.783,0.9980000257492065,,,1.0,,,1.0,,,1.0,,,1.0,,,1.0,,,1.0,,,1.0,,,1.0,,,1.0,,,1.0
340,,,1.0,,,1.0,,,1.0,,,1.0,,,1.0,1019.8,468.203,0.38100001215934753,,,1.0,,,1.0,,,1.0,,,1.0,,,1.0,,,1.0,1074.882,553.349,0.996999979019165,1136.45,557.886,1.0,1061.09,619.849,0.9070000052452087,1106.66,636.176,0.9100000262260437,,,1.0,1107.846,670.181,0.9589999914169312,,,,,,,,,,,,,,,,,,,,,,,,,,,,,,,,,,,,,,,,,,,,,,,,,,,,,,
